{
  "function_class": "Majority",
  "epsilon": 0.05,
  "trials": 20,
  "n_values": [
    5,
    10,
    15,
    20,
    30
  ],
  "success_rates": [
    1.0,
    1.0,
    1.0,
    1.0,
    1.0
  ],
  "avg_generations": [
    1.0,
    1.0,
    1.0,
    1.0,
    1.0
  ],
  "avg_times": [
    0.012139356136322022,
    0.012311410903930665,
    0.012314367294311523,
    0.012147748470306396,
    0.012341880798339843
  ],
  "timestamp": "2025-04-25T16:36:40.431345"
}