{
  "function_class": "MonotoneConjunction",
  "epsilon": 0.05,
  "trials": 20,
  "n_values": [
    5,
    10,
    15,
    20,
    30
  ],
  "success_rates": [
    1.0,
    0.85,
    0.95,
    1.0,
    1.0
  ],
  "avg_generations": [
    2.15,
    3.15,
    4.45,
    1.0,
    1.0
  ],
  "avg_times": [
    0.006582856178283691,
    0.015490841865539551,
    0.030213916301727296,
    0.012117040157318116,
    0.016237866878509522
  ],
  "timestamp": "2025-04-25T16:33:37.722996"
}