{
  "function_class": "MonotoneDisjunction",
  "epsilon": 0.05,
  "trials": 20,
  "n_values": [
    5,
    10,
    15,
    20,
    30
  ],
  "success_rates": [
    1.0,
    0.7,
    1.0,
    1.0,
    1.0
  ],
  "avg_generations": [
    2.6,
    2.5,
    1.0,
    1.0,
    1.0
  ],
  "avg_times": [
    0.007572197914123535,
    0.013179636001586914,
    0.009320855140686035,
    0.011822688579559325,
    0.01669083833694458
  ],
  "timestamp": "2025-04-25T16:33:39.168600"
}