{
  "function_class": "Parity",
  "epsilon": 0.05,
  "trials": 20,
  "n_values": [
    5,
    10,
    15,
    20,
    30
  ],
  "success_rates": [
    0.5,
    0.05,
    0.0,
    0.0,
    0.0
  ],
  "avg_generations": [
    57.45,
    80.4,
    80.4,
    95.5,
    78.55
  ],
  "avg_times": [
    0.15473195314407348,
    0.6264201641082764,
    1.2541262984275818,
    2.4530538439750673,
    4.493329870700836
  ],
  "timestamp": "2025-04-25T16:36:38.997977"
}