{
  "function_class": "MonotoneConjunction",
  "epsilon": 0.05,
  "tolerance": 0.01,
  "trials": 5,
  "n_values": [
    5,
    10,
    20,
    30,
    50
  ],
  "success_rates": [
    1.0,
    0.4,
    1.0,
    1.0,
    1.0
  ],
  "avg_generations": [
    3.0,
    3.4,
    1.0,
    1.0,
    1.0
  ],
  "avg_times": [
    0.0088134765625,
    0.01573071479797363,
    0.010620784759521485,
    0.015055608749389649,
    0.024998188018798828
  ],
  "avg_beneficial_mutations": [
    3.0,
    2.4,
    0.2,
    0.0,
    0.0
  ],
  "avg_neutral_mutations": [
    0.0,
    1.0,
    0.8,
    1.0,
    1.0
  ],
  "fitness_histories": {
    "5": [
      [
        0.133,
        0.245,
        0.51,
        1.0
      ],
      [
        0.152,
        0.263,
        0.516,
        1.0
      ],
      [
        0.634,
        0.766,
        0.825,
        0.886,
        1.0
      ],
      [
        0.78,
        0.881,
        1.0
      ],
      [
        0.757,
        0.819,
        0.872,
        1.0
      ]
    ],
    "10": [
      [
        0.917,
        0.955
      ],
      [
        0.991,
        0.991
      ],
      [
        0.932,
        0.943,
        0.943,
        0.943,
        0.955
      ],
      [
        0.874,
        0.898,
        0.898,
        0.898,
        0.919,
        0.955
      ],
      [
        0.748,
        0.761,
        0.773,
        0.792,
        0.82,
        0.878,
        1.0
      ]
    ],
    "20": [
      [
        0.996,
        0.996
      ],
      [
        0.995,
        0.995
      ],
      [
        0.999,
        0.999
      ],
      [
        0.991,
        0.991
      ],
      [
        0.967,
        0.979
      ]
    ],
    "30": [
      [
        1.0,
        1.0
      ],
      [
        1.0,
        1.0
      ],
      [
        1.0,
        1.0
      ],
      [
        1.0,
        1.0
      ],
      [
        1.0,
        1.0
      ]
    ],
    "50": [
      [
        1.0,
        1.0
      ],
      [
        1.0,
        1.0
      ],
      [
        1.0,
        1.0
      ],
      [
        1.0,
        1.0
      ],
      [
        1.0,
        1.0
      ]
    ]
  },
  "timestamp": "2025-05-14T11:48:30.821458"
}