{
  "function_class": "GeneralConjunction",
  "epsilon": 0.05,
  "tolerance": 0.01,
  "trials": 5,
  "n_values": [
    5,
    10,
    20,
    30,
    50
  ],
  "success_rates": [
    1.0,
    0.4,
    1.0,
    1.0,
    1.0
  ],
  "avg_generations": [
    3.0,
    1.8,
    1.0,
    1.0,
    1.0
  ],
  "avg_times": [
    0.015633678436279295,
    0.021533966064453125,
    0.022616100311279298,
    0.033344602584838866,
    0.055891990661621094
  ],
  "avg_beneficial_mutations": [
    3.0,
    1.4,
    0.2,
    0.0,
    0.0
  ],
  "avg_neutral_mutations": [
    0.0,
    0.4,
    0.8,
    1.0,
    1.0
  ],
  "fitness_histories": {
    "5": [
      [
        0.738,
        0.778,
        0.828,
        0.889,
        1.0
      ],
      [
        0.751,
        0.794,
        0.885,
        1.0
      ],
      [
        0.753,
        0.862,
        0.931,
        1.0
      ],
      [
        0.601,
        0.889,
        1.0
      ],
      [
        0.566,
        0.658,
        0.767,
        1.0
      ]
    ],
    "10": [
      [
        0.925,
        0.94,
        0.94,
        0.954
      ],
      [
        0.754,
        0.886,
        0.951
      ],
      [
        0.91,
        0.931,
        0.953
      ],
      [
        0.939,
        0.968
      ],
      [
        0.986,
        0.986
      ]
    ],
    "20": [
      [
        0.995,
        0.995
      ],
      [
        0.999,
        0.999
      ],
      [
        0.999,
        0.999
      ],
      [
        0.996,
        0.996
      ],
      [
        0.986,
        0.996
      ]
    ],
    "30": [
      [
        0.996,
        0.996
      ],
      [
        1.0,
        1.0
      ],
      [
        1.0,
        1.0
      ],
      [
        1.0,
        1.0
      ],
      [
        1.0,
        1.0
      ]
    ],
    "50": [
      [
        1.0,
        1.0
      ],
      [
        1.0,
        1.0
      ],
      [
        1.0,
        1.0
      ],
      [
        1.0,
        1.0
      ],
      [
        1.0,
        1.0
      ]
    ]
  },
  "timestamp": "2025-05-14T11:48:32.842311"
}