{
  "function_class": "MonotoneDisjunction",
  "epsilon": 0.05,
  "tolerance": 0.01,
  "trials": 5,
  "n_values": [
    5,
    10,
    20,
    30,
    50
  ],
  "success_rates": [
    1.0,
    1.0,
    1.0,
    1.0,
    1.0
  ],
  "avg_generations": [
    2.2,
    1.0,
    1.0,
    1.0,
    1.0
  ],
  "avg_times": [
    0.006126594543457031,
    0.006774997711181641,
    0.011204147338867187,
    0.01569223403930664,
    0.025671720504760742
  ],
  "avg_beneficial_mutations": [
    2.2,
    0.6,
    0.4,
    0.0,
    0.0
  ],
  "avg_neutral_mutations": [
    0.0,
    0.4,
    0.6,
    1.0,
    1.0
  ],
  "fitness_histories": {
    "5": [
      [
        0.752,
        1.0
      ],
      [
        0.805,
        0.879,
        1.0
      ],
      [
        0.77,
        0.822,
        0.884,
        1.0
      ],
      [
        0.62,
        0.868,
        1.0
      ],
      [
        0.739,
        0.891,
        0.935,
        1.0
      ]
    ],
    "10": [
      [
        0.962,
        0.973
      ],
      [
        0.935,
        0.974
      ],
      [
        0.969,
        0.969
      ],
      [
        0.979,
        0.979
      ],
      [
        0.938,
        0.958
      ]
    ],
    "20": [
      [
        0.982,
        0.993
      ],
      [
        0.998,
        0.998
      ],
      [
        0.98,
        0.98
      ],
      [
        0.976,
        0.989
      ],
      [
        0.996,
        0.996
      ]
    ],
    "30": [
      [
        1.0,
        1.0
      ],
      [
        1.0,
        1.0
      ],
      [
        1.0,
        1.0
      ],
      [
        1.0,
        1.0
      ],
      [
        0.992,
        0.992
      ]
    ],
    "50": [
      [
        1.0,
        1.0
      ],
      [
        1.0,
        1.0
      ],
      [
        1.0,
        1.0
      ],
      [
        1.0,
        1.0
      ],
      [
        1.0,
        1.0
      ]
    ]
  },
  "timestamp": "2025-05-14T11:48:31.711132"
}