{
  "function_class": "GeneralDisjunction",
  "epsilon": 0.05,
  "tolerance": 0.01,
  "trials": 5,
  "n_values": [
    5,
    10,
    20,
    30,
    50
  ],
  "success_rates": [
    0.8,
    0.6,
    1.0,
    1.0,
    1.0
  ],
  "avg_generations": [
    2.6,
    9.8,
    1.0,
    1.0,
    1.0
  ],
  "avg_times": [
    0.01426539421081543,
    0.09431614875793456,
    0.02262558937072754,
    0.03323979377746582,
    0.0561004638671875
  ],
  "avg_beneficial_mutations": [
    2.6,
    2.2,
    0.0,
    0.0,
    0.0
  ],
  "avg_neutral_mutations": [
    0.0,
    1.8,
    1.0,
    1.0,
    1.0
  ],
  "fitness_histories": {
    "5": [
      [
        0.434,
        0.705,
        0.826,
        0.886,
        0.901,
        1.0
      ],
      [
        0.756,
        0.874,
        0.937,
        1.0
      ],
      [
        0.75,
        1.0
      ],
      [
        0.504,
        1.0
      ],
      [
        0.858,
        0.898,
        0.941,
        0.951
      ]
    ],
    "10": [
      [
        0.87,
        0.929,
        0.968
      ],
      [
        0.882,
        0.948,
        0.975
      ],
      [
        0.884,
        0.884,
        0.884,
        0.899,
        0.899,
        0.911,
        0.911,
        0.911,
        0.911,
        0.911,
        0.911,
        0.911,
        0.911,
        0.911,
        0.911,
        0.911,
        0.911,
        0.911,
        0.911,
        0.911,
        0.911,
        0.911,
        0.911,
        0.911,
        0.911,
        0.911,
        0.911,
        0.911,
        0.911,
        0.911,
        0.911,
        0.911,
        0.911,
        0.911,
        0.911,
        0.911,
        0.911,
        0.911,
        0.911,
        0.911,
        0.911,
        0.948,
        1.0
      ],
      [
        0.77,
        0.893,
        0.95
      ],
      [
        0.907,
        0.951
      ]
    ],
    "20": [
      [
        0.994,
        0.994
      ],
      [
        1.0,
        1.0
      ],
      [
        0.999,
        0.999
      ],
      [
        0.999,
        0.999
      ],
      [
        0.999,
        0.999
      ]
    ],
    "30": [
      [
        0.999,
        0.999
      ],
      [
        1.0,
        1.0
      ],
      [
        1.0,
        1.0
      ],
      [
        1.0,
        1.0
      ],
      [
        1.0,
        1.0
      ]
    ],
    "50": [
      [
        1.0,
        1.0
      ],
      [
        1.0,
        1.0
      ],
      [
        1.0,
        1.0
      ],
      [
        1.0,
        1.0
      ],
      [
        1.0,
        1.0
      ]
    ]
  },
  "timestamp": "2025-05-14T11:48:34.352491"
}