{
  "function_class": "GeneralConjunction",
  "epsilon": 0.05,
  "trials": 10,
  "n_values": [
    5,
    10,
    15,
    20,
    25,
    30
  ],
  "success_rates": [
    1.0,
    0.7,
    0.9,
    1.0,
    1.0,
    1.0
  ],
  "avg_generations": [
    2.7,
    15.6,
    1.0,
    1.0,
    1.0,
    1.0
  ],
  "avg_times": [
    0.016001057624816895,
    0.15866577625274658,
    0.019388508796691895,
    0.024656844139099122,
    0.03017857074737549,
    0.036460494995117186
  ],
  "avg_beneficial_mutations": [
    2.7,
    2.7,
    1.0,
    0.8,
    0.6,
    0.1
  ],
  "avg_neutral_mutations": [
    0.0,
    0.0,
    0.0,
    0.1,
    0.4,
    0.9
  ],
  "fitness_histories": {
    "5": [
      [
        0.474,
        0.762,
        1.0
      ],
      [
        0.818,
        0.873,
        0.923,
        0.935,
        1.0
      ],
      [
        0.751,
        1.0
      ],
      [
        0.256,
        0.75,
        1.0
      ],
      [
        0.641,
        0.865,
        1.0
      ],
      [
        0.806,
        0.865,
        0.894,
        0.945,
        1.0
      ],
      [
        0.554,
        0.826,
        0.946,
        1.0
      ],
      [
        0.875,
        0.934,
        0.967
      ],
      [
        0.74,
        0.869,
        1.0
      ],
      [
        0.752,
        0.824,
        0.889,
        0.897,
        0.943,
        1.0
      ]
    ],
    "10": [
      [
        0.871,
        0.902,
        0.909,
        0.943,
        1.0
      ],
      [
        0.739,
        0.777,
        0.777,
        0.777,
        0.777,
        0.777,
        0.777,
        0.777,
        0.777,
        0.777,
        0.783,
        0.783,
        0.783,
        0.783,
        0.783,
        0.783,
        0.783,
        0.783,
        0.783,
        0.783,
        0.783,
        0.783,
        0.783,
        0.787,
        0.787,
        0.787,
        0.787,
        0.787,
        0.787,
        0.787,
        0.787,
        0.787,
        0.787,
        0.787,
        0.787,
        0.787,
        0.787,
        0.787,
        0.787,
        0.787,
        0.787,
        0.787,
        0.787,
        0.787,
        0.787,
        0.787,
        0.787,
        0.787,
        0.787,
        0.787,
        0.787,
        0.787,
        0.787,
        0.787,
        0.787,
        0.787,
        0.787,
        0.787,
        0.787,
        0.787,
        0.787,
        0.787,
        0.787,
        0.787,
        0.787,
        0.787,
        0.787,
        0.787,
        0.787,
        0.787,
        0.787,
        0.787,
        0.787,
        0.794,
        0.794,
        0.794,
        0.794,
        0.794,
        0.794,
        0.794,
        0.794,
        0.794,
        0.794,
        0.794,
        0.796,
        0.796,
        0.796,
        0.796,
        0.796,
        0.796,
        0.796,
        0.796,
        0.796,
        0.796,
        0.796,
        0.796,
        0.796,
        0.796,
        0.796,
        0.796,
        0.796,
        0.796,
        0.796,
        0.796,
        0.796,
        0.796,
        0.796,
        0.796,
        0.796,
        0.796,
        0.796,
        0.796,
        0.796,
        0.796,
        0.796,
        0.796,
        0.796,
        0.796,
        0.796,
        0.796,
        0.796,
        0.796,
        0.796,
        0.796,
        0.796,
        0.796,
        0.796,
        0.796,
        0.796,
        0.796,
        0.796,
        0.796,
        0.796,
        0.796
      ],
      [
        0.852,
        0.913,
        0.944,
        0.973
      ],
      [
        0.975,
        0.988
      ],
      [
        0.956,
        0.973
      ],
      [
        0.911,
        0.964
      ],
      [
        0.707,
        0.85,
        0.89,
        0.922,
        0.929,
        0.936,
        0.947,
        0.951
      ],
      [
        0.836,
        0.928,
        0.955
      ],
      [
        0.922,
        0.949,
        0.963
      ],
      [
        0.955,
        0.971
      ]
    ],
    "15": [
      [
        0.991,
        0.996
      ],
      [
        0.931,
        0.973
      ],
      [
        0.997,
        1.0
      ],
      [
        0.975,
        0.988
      ],
      [
        0.987,
        0.998
      ],
      [
        0.899,
        0.96
      ],
      [
        0.963,
        0.98
      ],
      [
        0.984,
        0.99
      ],
      [
        0.998,
        1.0
      ],
      [
        0.98,
        0.992
      ]
    ],
    "20": [
      [
        0.998,
        1.0
      ],
      [
        0.999,
        0.999
      ],
      [
        1.0,
        1.0
      ],
      [
        0.991,
        0.997
      ],
      [
        0.996,
        1.0
      ],
      [
        0.997,
        1.0
      ],
      [
        0.997,
        1.0
      ],
      [
        0.998,
        1.0
      ],
      [
        0.998,
        1.0
      ],
      [
        0.996,
        0.999
      ]
    ],
    "25": [
      [
        0.996,
        1.0
      ],
      [
        1.0,
        1.0
      ],
      [
        1.0,
        1.0
      ],
      [
        0.997,
        1.0
      ],
      [
        0.999,
        1.0
      ],
      [
        0.999,
        1.0
      ],
      [
        1.0,
        1.0
      ],
      [
        0.999,
        1.0
      ],
      [
        1.0,
        1.0
      ],
      [
        0.999,
        1.0
      ]
    ],
    "30": [
      [
        1.0,
        1.0
      ],
      [
        1.0,
        1.0
      ],
      [
        1.0,
        1.0
      ],
      [
        1.0,
        1.0
      ],
      [
        0.997,
        1.0
      ],
      [
        1.0,
        1.0
      ],
      [
        1.0,
        1.0
      ],
      [
        1.0,
        1.0
      ],
      [
        1.0,
        1.0
      ],
      [
        1.0,
        1.0
      ]
    ]
  },
  "timestamp": "2025-04-25T17:36:30.346256"
}