{
  "function_class": "GeneralDisjunction",
  "epsilon": 0.05,
  "trials": 10,
  "n_values": [
    5,
    10,
    15,
    20,
    25,
    30
  ],
  "success_rates": [
    1.0,
    0.6,
    1.0,
    0.9,
    1.0,
    1.0
  ],
  "avg_generations": [
    4.3,
    28.9,
    1.0,
    1.0,
    1.0,
    1.0
  ],
  "avg_times": [
    0.024030780792236327,
    0.29218010902404784,
    0.019222617149353027,
    0.024944162368774413,
    0.030899858474731444,
    0.03652381896972656
  ],
  "avg_beneficial_mutations": [
    3.8,
    2.7,
    1.0,
    0.9,
    0.5,
    0.2
  ],
  "avg_neutral_mutations": [
    0.0,
    0.4,
    0.0,
    0.1,
    0.5,
    0.8
  ],
  "fitness_histories": {
    "5": [
      [
        0.606,
        0.89,
        1.0
      ],
      [
        0.635,
        0.773,
        0.816,
        0.883,
        1.0
      ],
      [
        0.667,
        0.766,
        0.781,
        0.827,
        0.889,
        1.0
      ],
      [
        0.634,
        0.758,
        0.803,
        0.873,
        1.0
      ],
      [
        0.678,
        0.768,
        0.781,
        0.826,
        0.883,
        1.0
      ],
      [
        0.487,
        0.637,
        0.743,
        1.0
      ],
      [
        0.753,
        0.882,
        0.937,
        1.0
      ],
      [
        0.938,
        0.969
      ],
      [
        0.458,
        0.706,
        0.831,
        0.889,
        0.917,
        0.917,
        0.919,
        0.919,
        0.919,
        0.919,
        0.92,
        0.92,
        0.922,
        0.973
      ],
      [
        0.505,
        0.763,
        0.868,
        1.0
      ]
    ],
    "10": [
      [
        0.973,
        0.987
      ],
      [
        0.893,
        0.893,
        0.893,
        0.893,
        0.893,
        0.895,
        0.895,
        0.895,
        0.895,
        0.895,
        0.895,
        0.895,
        0.895,
        0.895,
        0.895,
        0.895,
        0.895,
        0.895,
        0.898,
        0.898,
        0.898,
        0.898,
        0.898,
        0.898,
        0.898,
        0.908,
        0.908,
        0.908,
        0.908,
        0.908,
        0.908,
        0.908,
        0.908,
        0.908,
        0.908,
        0.908,
        0.908,
        0.908,
        0.908,
        0.908,
        0.908,
        0.908,
        0.908,
        0.908,
        0.908,
        0.908,
        0.908,
        0.908,
        0.908,
        0.908,
        0.908,
        0.908,
        0.908,
        0.908,
        0.908,
        0.908,
        0.908,
        0.908,
        0.908,
        0.908,
        0.908,
        0.908,
        0.908,
        0.908,
        0.908,
        0.908,
        0.908,
        0.908,
        0.908,
        0.908,
        0.908,
        0.908,
        0.908,
        0.908,
        0.908
      ],
      [
        0.833,
        0.917,
        0.945,
        0.977
      ],
      [
        0.944,
        0.963
      ],
      [
        0.908,
        0.936,
        0.948,
        0.948,
        0.951
      ],
      [
        0.92,
        0.958
      ],
      [
        0.831,
        0.922,
        0.949,
        0.967
      ],
      [
        0.935,
        0.963
      ],
      [
        0.839,
        0.919,
        0.952
      ],
      [
        0.745,
        0.768,
        0.768,
        0.77,
        0.775,
        0.775,
        0.775,
        0.775,
        0.775,
        0.775,
        0.775,
        0.775,
        0.775,
        0.775,
        0.775,
        0.775,
        0.775,
        0.775,
        0.775,
        0.775,
        0.775,
        0.775,
        0.775,
        0.775,
        0.775,
        0.777,
        0.777,
        0.777,
        0.777,
        0.777,
        0.777,
        0.777,
        0.777,
        0.777,
        0.777,
        0.777,
        0.777,
        0.777,
        0.78,
        0.78,
        0.78,
        0.78,
        0.78,
        0.78,
        0.78,
        0.78,
        0.78,
        0.78,
        0.78,
        0.784,
        0.784,
        0.784,
        0.784,
        0.784,
        0.784,
        0.784,
        0.784,
        0.784,
        0.784,
        0.784,
        0.784,
        0.784,
        0.784,
        0.784,
        0.784,
        0.784,
        0.784,
        0.784,
        0.784,
        0.784,
        0.784,
        0.784,
        0.784,
        0.784,
        0.784,
        0.784,
        0.784,
        0.784,
        0.784,
        0.784,
        0.784,
        0.784,
        0.784,
        0.784,
        0.784,
        0.784,
        0.784,
        0.784,
        0.784,
        0.784,
        0.784,
        0.784,
        0.784,
        0.784,
        0.784,
        0.784,
        0.788,
        0.788,
        0.788,
        0.788,
        0.788,
        0.788,
        0.788,
        0.788,
        0.788,
        0.788,
        0.791,
        0.791,
        0.791,
        0.791,
        0.791,
        0.791,
        0.791,
        0.791,
        0.791,
        0.791,
        0.791,
        0.791,
        0.791,
        0.791,
        0.791,
        0.791,
        0.791,
        0.791,
        0.791,
        0.791,
        0.791,
        0.791,
        0.791,
        0.791,
        0.791,
        0.791,
        0.791,
        0.791,
        0.791,
        0.791,
        0.791,
        0.791,
        0.791,
        0.791,
        0.791,
        0.791,
        0.791,
        0.791,
        0.791,
        0.791,
        0.791,
        0.791,
        0.793,
        0.793,
        0.793,
        0.793,
        0.793,
        0.793,
        0.793,
        0.793,
        0.793,
        0.793,
        0.793,
        0.793,
        0.793,
        0.793,
        0.793,
        0.793,
        0.793,
        0.793,
        0.793,
        0.793,
        0.793,
        0.793,
        0.793,
        0.793,
        0.793,
        0.793,
        0.793,
        0.793,
        0.793,
        0.793,
        0.793,
        0.793,
        0.793,
        0.793,
        0.793,
        0.793,
        0.793,
        0.793,
        0.793,
        0.793,
        0.793,
        0.793,
        0.793,
        0.793,
        0.793,
        0.793,
        0.793,
        0.793,
        0.793,
        0.793
      ]
    ],
    "15": [
      [
        0.968,
        0.986
      ],
      [
        0.997,
        0.999
      ],
      [
        0.955,
        0.978
      ],
      [
        0.979,
        0.992
      ],
      [
        0.991,
        0.995
      ],
      [
        0.997,
        0.999
      ],
      [
        0.986,
        0.999
      ],
      [
        0.998,
        1.0
      ],
      [
        0.997,
        1.0
      ],
      [
        0.993,
        0.998
      ]
    ],
    "20": [
      [
        0.987,
        0.991
      ],
      [
        0.999,
        1.0
      ],
      [
        0.998,
        0.999
      ],
      [
        0.937,
        0.952
      ],
      [
        0.998,
        0.999
      ],
      [
        0.997,
        1.0
      ],
      [
        0.978,
        0.992
      ],
      [
        0.996,
        1.0
      ],
      [
        1.0,
        1.0
      ],
      [
        0.999,
        1.0
      ]
    ],
    "25": [
      [
        1.0,
        1.0
      ],
      [
        1.0,
        1.0
      ],
      [
        0.999,
        1.0
      ],
      [
        0.999,
        1.0
      ],
      [
        1.0,
        1.0
      ],
      [
        0.999,
        1.0
      ],
      [
        1.0,
        1.0
      ],
      [
        0.999,
        1.0
      ],
      [
        0.998,
        1.0
      ],
      [
        1.0,
        1.0
      ]
    ],