{
  "function_class": "MonotoneDisjunction",
  "epsilon": 0.05,
  "trials": 10,
  "n_values": [
    5,
    10,
    15,
    20,
    25,
    30
  ],
  "success_rates": [
    1.0,
    0.7,
    1.0,
    0.9,
    1.0,
    1.0
  ],
  "avg_generations": [
    3.0,
    8.3,
    1.0,
    1.2,
    1.0,
    1.0
  ],
  "avg_times": [
    0.009134912490844726,
    0.038479065895080565,
    0.009525513648986817,
    0.013761425018310547,
    0.014437532424926758,
    0.01701357364654541
  ],
  "avg_beneficial_mutations": [
    3.0,
    3.2,
    1.0,
    0.8,
    0.3,
    0.2
  ],
  "avg_neutral_mutations": [
    0.0,
    0.1,
    0.0,
    0.3,
    0.7,
    0.8
  ],
  "fitness_histories": {
    "5": [
      [
        0.575,
        0.625,
        0.762,
        1.0
      ],
      [
        0.827,
        0.939,
        1.0
      ],
      [
        0.759,
        0.891,
        0.937,
        1.0
      ],
      [
        0.642,
        0.747,
        0.808,
        0.89,
        1.0
      ],
      [
        0.819,
        0.941,
        1.0
      ],
      [
        0.626,
        0.76,
        0.81,
        0.875,
        1.0
      ],
      [
        0.812,
        0.885,
        0.924,
        0.942,
        1.0
      ],
      [
        0.504,
        0.754,
        1.0
      ],
      [
        0.49,
        0.782,
        0.867,
        1.0
      ],
      [
        0.752,
        0.867,
        0.926,
        1.0
      ]
    ],
    "10": [
      [
        0.825,
        0.907,
        0.933,
        0.934,
        0.944,
        0.961
      ],
      [
        0.909,
        0.947,
        0.963
      ],
      [
        0.934,
        0.958
      ],
      [
        0.874,
        0.945,
        0.972
      ],
      [
        0.866,
        0.899,
        0.899,
        0.899,
        0.899,
        0.899,
        0.899,
        0.899,
        0.902,
        0.902,
        0.902,
        0.902,
        0.902,
        0.902,
        0.902,
        0.902,
        0.902,
        0.902,
        0.902,
        0.903,
        0.903,
        0.903,
        0.903,
        0.903,
        0.903,
        0.903,
        0.903,
        0.903,
        0.903,
        0.903,
        0.903,
        0.903,
        0.903,
        0.903,
        0.903,
        0.903,
        0.903,
        0.903,
        0.903,
        0.903,
        0.903,
        0.903,
        0.903,
        0.903,
        0.903,
        0.903,
        0.903,
        0.903,
        0.903,
        0.903,
        0.906,
        0.906,
        0.906,
        0.911,
        0.922,
        0.945,
        1.0
      ],
      [
        0.959,
        0.98
      ],
      [
        0.952,
        0.977
      ],
      [
        0.912,
        0.932,
        0.94,
        0.951
      ],
      [
        0.912,
        0.939,
        0.942,
        0.949,
        0.949,
        0.949,
        0.953
      ],
      [
        0.764,
        0.774,
        0.774,
        0.804,
        0.827,
        0.88,
        1.0
      ]
    ],
    "15": [
      [
        0.975,
        0.985
      ],
      [
        0.976,
        0.991
      ],
      [
        0.994,
        1.0
      ],
      [
        0.988,
        0.999
      ],
      [
        0.96,
        0.99
      ],
      [
        0.995,
        0.996
      ],
      [
        0.94,
        0.975
      ],
      [
        0.979,
        0.99
      ],
      [
        0.99,
        0.997
      ],
      [
        0.966,
        0.989
      ]
    ],
    "20": [
      [
        0.992,
        0.999
      ],
      [
        0.999,
        1.0
      ],
      [
        0.999,
        1.0
      ],
      [
        0.944,
        0.949,
        0.949,
        0.959
      ],
      [
        1.0,
        1.0
      ],
      [
        1.0,
        1.0
      ],
      [
        0.999,
        0.999
      ],
      [
        0.986,
        0.995
      ],
      [
        0.999,
        1.0
      ],
      [
        0.955,
        0.975
      ]
    ],
    "25": [
      [
        0.998,
        1.0
      ],
      [
        1.0,
        1.0
      ],
      [
        1.0,
        1.0
      ],
      [
        1.0,
        1.0
      ],
      [
        1.0,
        1.0
      ],
      [
        0.998,
        1.0
      ],
      [
        1.0,
        1.0
      ],
      [
        1.0,
        1.0
      ],
      [
        1.0,
        1.0
      ],
      [
        0.999,
        1.0
      ]
    ],
    "30": [
      [
        1.0,
        1.0
      ],
      [
        0.999,
        1.0
      ],
      [
        1.0,
        1.0
      ],
      [
        1.0,
        1.0
      ],
      [
        0.999,
        1.0
      ],
      [
        1.0,
        1.0
      ],
      [
        1.0,
        1.0
      ],
      [
        1.0,
        1.0
      ],
      [
        1.0,
        1.0
      ],
      [
        1.0,
        1.0
      ]
    ]
  },
  "timestamp": "2025-04-25T17:36:27.060654"
}