{
  "function_class": "MonotoneConjunction",
  "epsilon": 0.05,
  "trials": 10,
  "n_values": [
    5,
    10,
    15,
    20,
    25,
    30
  ],
  "success_rates": [
    1.0,
    0.8,
    0.9,
    1.0,
    1.0,
    1.0
  ],
  "avg_generations": [
    2.3,
    7.9,
    1.0,
    1.0,
    1.0,
    1.0
  ],
  "avg_times": [
    0.006751465797424317,
    0.03579862117767334,
    0.009230279922485351,
    0.011502552032470702,
    0.01420588493347168,
    0.016547465324401857
  ],
  "avg_beneficial_mutations": [
    2.3,
    1.9,
    1.0,
    0.7,
    0.8,
    0.1
  ],
  "avg_neutral_mutations": [
    0.0,
    0.0,
    0.0,
    0.3,
    0.2,
    0.9
  ],
  "fitness_histories": {
    "5": [
      [
        0.63,
        0.88,
        1.0
      ],
      [
        0.859,
        1.0
      ],
      [
        0.748,
        0.813,
        0.879,
        1.0
      ],
      [
        0.551,
        0.667,
        0.754,
        1.0
      ],
      [
        0.732,
        0.801,
        0.869,
        1.0
      ],
      [
        0.895,
        0.946,
        1.0
      ],
      [
        0.832,
        0.891,
        1.0
      ],
      [
        0.634,
        0.888,
        1.0
      ],
      [
        0.648,
        0.751,
        1.0
      ],
      [
        0.474,
        0.748,
        0.881,
        1.0
      ]
    ],
    "10": [
      [
        0.98,
        0.996
      ],
      [
        0.963,
        0.974
      ],
      [
        0.88,
        0.949,
        0.972
      ],
      [
        0.849,
        0.88,
        0.902,
        0.902,
        0.902,
        0.902,
        0.902,
        0.902,
        0.902,
        0.902,
        0.902,
        0.902,
        0.913,
        0.913,
        0.913,
        0.913,
        0.913,
        0.913,
        0.913,
        0.913,
        0.913,
        0.913,
        0.913,
        0.913,
        0.913,
        0.913,
        0.913,
        0.913,
        0.913,
        0.913,
        0.913,
        0.913,
        0.913,
        0.913,
        0.913,
        0.913,
        0.913,
        0.913,
        0.913,
        0.913,
        0.913,
        0.913,
        0.913,
        0.913,
        0.913,
        0.913,
        0.913,
        0.913,
        0.913,
        0.913,
        0.913,
        0.913,
        0.913,
        0.913,
        0.913,
        0.913,
        0.913,
        0.913,
        0.913,
        0.913,
        0.913,
        0.913
      ],
      [
        0.981,
        0.987
      ],
      [
        0.933,
        0.952
      ],
      [
        0.506,
        0.767,
        0.892,
        0.938,
        1.0
      ],
      [
        0.874,
        0.939,
        0.97
      ],
      [
        0.884,
        0.949,
        0.969
      ],
      [
        0.935,
        0.949,
        0.949,
        0.955
      ]
    ],
    "15": [
      [
        0.994,
        0.999
      ],
      [
        0.986,
        0.994
      ],
      [
        0.989,
        0.996
      ],
      [
        0.999,
        1.0
      ],
      [
        0.962,
        0.982
      ],
      [
        0.936,
        0.953
      ],
      [
        0.994,
        0.998
      ],
      [
        0.968,
        0.975
      ],
      [
        0.987,
        0.99
      ],
      [
        0.988,
        0.999
      ]
    ],
    "20": [
      [
        0.995,
        0.999
      ],
      [
        0.999,
        1.0
      ],
      [
        0.993,
        0.997
      ],
      [
        1.0,
        1.0
      ],
      [
        0.998,
        1.0
      ],
      [
        1.0,
        1.0
      ],
      [
        0.992,
        0.999
      ],
      [
        0.997,
        1.0
      ],
      [
        1.0,
        1.0
      ],
      [
        0.999,
        1.0
      ]
    ],
    "25": [
      [
        0.999,
        1.0
      ],
      [
        0.999,
        1.0
      ],
      [
        0.999,
        1.0
      ],
      [
        0.998,
        1.0
      ],
      [
        0.998,
        1.0
      ],
      [
        0.999,
        1.0
      ],
      [
        1.0,
        1.0
      ],
      [
        1.0,
        1.0
      ],
      [
        0.999,
        1.0
      ],
      [
        0.989,
        0.999
      ]
    ],
    "30": [
      [
        1.0,
        1.0
      ],
      [
        1.0,
        1.0
      ],
      [
        1.0,
        1.0
      ],
      [
        1.0,
        1.0
      ],
      [
        1.0,
        1.0
      ],
      [
        1.0,
        1.0
      ],
      [
        1.0,
        1.0
      ],
      [
        1.0,
        1.0
      ],
      [
        1.0,
        1.0
      ],
      [
        0.999,
        1.0
      ]
    ]
  },
  "timestamp": "2025-04-25T17:36:25.538012"
}