{
  "function_class": "GeneralConjunction",
  "distribution": "beta",
  "dist_name": "beta",
  "bias": null,
  "epsilon": 0.05,
  "tolerance": 0.01,
  "trials": 5,
  "n_values": [
    5,
    10,
    20,
    30,
    50
  ],
  "success_rates": [
    0.8,
    0.8,
    1.0,
    1.0,
    1.0
  ],
  "avg_generations": [
    11.6,
    1.6,
    1.0,
    1.0,
    1.0
  ],
  "avg_times": [
    0.3334688663482666,
    0.10340166091918945,
    0.12848916053771972,
    0.1894749164581299,
    0.30904860496520997
  ],
  "avg_beneficial_mutations": [
    3.2,
    1.0,
    0.2,
    0.0,
    0.0
  ],
  "avg_neutral_mutations": [
    0.4,
    0.6,
    0.8,
    1.0,
    1.0
  ],
  "fitness_histories": {
    "5": [
      [
        0.858,
        0.911,
        0.938,
        0.955
      ],
      [
        0.346,
        0.735,
        1.0
      ],
      [
        0.545,
        0.578,
        0.619,
        0.619,
        0.619,
        0.619,
        0.619,
        0.619,
        0.619,
        0.619,
        0.619,
        0.619,
        0.619,
        0.619,
        0.619,
        0.619,
        0.619,
        0.619,
        0.619,
        0.619,
        0.619,
        0.619,
        0.619,
        0.619,
        0.619,
        0.619,
        0.619,
        0.619,
        0.619,
        0.619,
        0.619,
        0.619,
        0.619,
        0.619,
        0.619,
        0.619,
        0.619,
        0.619,
        0.619,
        0.619,
        0.619,
        0.619,
        0.619,
        0.619,
        0.619,
        0.671,
        1.0
      ],
      [
        0.764,
        0.858,
        0.888,
        0.926,
        0.951
      ],
      [
        0.24,
        0.414,
        0.823,
        1.0
      ]
    ],
    "10": [
      [
        0.989,
        0.989
      ],
      [
        0.896,
        0.924,
        0.935,
        0.935,
        0.952
      ],
      [
        0.921,
        0.963
      ],
      [
        0.979,
        0.989
      ],
      [
        0.988,
        0.988
      ]
    ],
    "20": [
      [
        0.995,
        0.995
      ],
      [
        0.988,
        0.998
      ],
      [
        0.998,
        0.998
      ],
      [
        0.999,
        0.999
      ],
      [
        0.992,
        0.992
      ]
    ],
    "30": [
      [
        1.0,
        1.0
      ],
      [
        1.0,
        1.0
      ],
      [
        1.0,
        1.0
      ],
      [
        1.0,
        1.0
      ],
      [
        1.0,
        1.0
      ]
    ],
    "50": [
      [
        1.0,
        1.0
      ],
      [
        1.0,
        1.0
      ],
      [
        1.0,
        1.0
      ],
      [
        1.0,
        1.0
      ],
      [
        1.0,
        1.0
      ]
    ]
  },
  "timestamp": "2025-05-14T18:17:16.669453"
}