{
  "function_class": "MonotoneDisjunction",
  "distribution": "beta",
  "dist_name": "beta",
  "bias": null,
  "epsilon": 0.05,
  "tolerance": 0.01,
  "trials": 5,
  "n_values": [
    5,
    10,
    20,
    30,
    50
  ],
  "success_rates": [
    1.0,
    1.0,
    0.4,
    0.4,
    1.0
  ],
  "avg_generations": [
    3.2,
    3.8,
    5.4,
    47.8,
    1.0
  ],
  "avg_times": [
    0.05973396301269531,
    0.12704868316650392,
    0.34487252235412597,
    4.423110437393189,
    0.18186402320861816
  ],
  "avg_beneficial_mutations": [
    3.2,
    3.8,
    3.4,
    2.6,
    0.4
  ],
  "avg_neutral_mutations": [
    0.0,
    0.0,
    1.8,
    22.0,
    0.6
  ],
  "fitness_histories": {
    "5": [
      [
        0.49,
        0.69,
        0.809,
        0.887,
        0.927,
        1.0
      ],
      [
        0.55,
        0.747,
        0.869,
        0.944,
        1.0
      ],
      [
        0.735,
        0.814,
        0.877,
        1.0
      ],
      [
        0.842,
        0.903,
        1.0
      ],
      [
        0.779,
        0.867,
        1.0
      ]
    ],
    "10": [
      [
        0.832,
        0.909,
        0.941,
        1.0
      ],
      [
        0.888,
        0.921,
        0.948,
        1.0
      ],
      [
        0.662,
        0.784,
        0.85,
        0.892,
        0.91,
        0.932,
        0.973
      ],
      [
        0.679,
        0.736,
        0.799,
        0.882,
        1.0
      ],
      [
        0.864,
        0.899,
        0.922,
        0.96
      ]
    ],
    "20": [
      [
        0.828,
        0.879,
        0.908,
        0.919,
        0.94,
        0.962
      ],
      [
        0.933,
        0.949,
        0.966
      ],
      [
        0.911,
        0.937,
        0.949,
        0.959
      ],
      [
        0.896,
        0.916,
        0.916,
        0.916,
        0.916,
        0.927,
        0.927,
        0.927,
        0.927,
        0.927,
        0.938,
        0.938,
        0.938,
        0.957
      ],
      [
        0.905,
        0.925,
        0.925,
        0.936,
        0.955
      ]
    ],
    "30": [
      [
        0.919,
        0.939,
        0.939,
        0.939,
        0.949,
        0.949,
        0.949,
        0.949,
        0.949,
        0.949,
        0.949,
        0.949,
        0.949,
        0.949,
        0.949,
        0.949,
        0.949,
        0.949,
        0.949,
        0.949,
        0.949,
        0.949,
        0.963
      ],
      [
        0.938,
        0.949,
        0.949,
        0.949,
        0.959
      ],
      [
        0.909,
        0.929,
        0.947,
        0.947,
        0.947,
        0.947,
        0.947,
        0.947,
        0.96
      ],
      [
        0.895,
        0.917,
        0.917,
        0.917,
        0.917,
        0.917,
        0.917,
        0.917,
        0.917,
        0.917,
        0.917,
        0.917,
        0.927,
        0.927,
        0.927,
        0.927,
        0.927,
        0.927,
        0.927,
        0.927,
        0.927,
        0.927,
        0.927,
        0.927,
        0.927,
        0.927,
        0.927,
        0.927,
        0.927,
        0.927,
        0.927,
        0.927,
        0.927,
        0.927,
        0.927,
        0.927,
        0.927,
        0.927,
        0.927,
        0.927,
        0.927,
        0.927,
        0.927,
        0.927,
        0.927,
        0.927,
        0.927,
        0.927,
        0.927,
        0.927,
        0.927,
        0.927,
        0.927,
        0.927,
        0.927,
        0.927,
        0.927,
        0.927,
        0.927,
        0.927,
        0.927,
        0.927,
        0.927,
        0.927,
        0.927,
        0.927,
        0.927,
        0.927,
        0.927,
        0.927,
        0.927,
        0.927,
        0.927,
        0.927,
        0.927,
        0.927,
        0.927,
        0.927,
        0.927,
        0.927,
        0.927,
        0.937,
        0.937,
        0.937,
        0.937,
        0.937,
        0.937,
        0.937,
        0.937,
        0.937,
        0.937,
        0.937,
        0.937,
        0.937,
        0.937,
        0.937,
        0.937,
        0.937,
        0.937,
        0.937,
        0.937,
        0.937,
        0.937,
        0.937,
        0.937,
        0.937,
        0.937,
        0.937,
        0.937,
        0.937,
        0.937,
        0.937,
        0.937,
        0.937,
        0.937,
        0.937,
        0.937,
        0.937,
        0.937,
        0.937,
        0.937,
        0.937,
        0.937,
        0.937,
        0.937,
        0.937,
        0.937,
        0.937,
        0.937,
        0.937,
        0.937,
        0.937,
        0.937,
        0.937,
        0.937,
        0.937,
        0.937,
        0.937,
        0.937,
        0.937,
        0.937,
        0.937,
        0.937,
        0.937,
        0.937,
        0.937,
        0.937,
        0.937,
        0.937,
        0.937,
        0.937,
        0.937,
        0.937,
        0.937,
        0.937,
        0.937,
        0.937,
        0.937,
        0.937,
        0.937,
        0.937,
        0.937,
        0.937,
        0.937,
        0.937,
        0.937,
        0.937,
        0.937,
        0.937,
        0.937,
        0.937,
        0.937,
        0.937,
        0.937,
        0.937,
        0.937,
        0.937,
        0.937,
        0.937,
        0.937,
        0.937,
        0.937,
        0.937,
        0.937,
        0.937,
        0.937,
        0.937,
        0.937,
        0.937,
        0.937,
        0.937,
        0.937,
        0.937,
        0.937,
        0.937,
        0.937,
        0.937,
        0.937,
        0.937,
        0.937,
        0.937,
        0.937,
        0.937,
        0.937,
        0.95
      ],
      [
        0.957,
        0.968
      ]
    ],
    "50": [
      [
        0.978,
        0.978
      ],
      [
        0.967,
        0.984
      ],
      [
        0.971,
        0.971
      ],
      [
        0.961,
        0.979
      ],
      [
        0.98,
        0.98
      ]
    ]
  },
  "timestamp": "2025-05-14T18:17:11.102060"
}