{
  "function_class": "MonotoneConjunction",
  "distribution": "beta",
  "dist_name": "beta",
  "bias": null,
  "epsilon": 0.05,
  "tolerance": 0.01,
  "trials": 5,
  "n_values": [
    5,
    10,
    20,
    30,
    50
  ],
  "success_rates": [
    1.0,
    1.0,
    1.0,
    1.0,
    1.0
  ],
  "avg_generations": [
    1.8,
    1.0,
    1.0,
    1.0,
    1.0
  ],
  "avg_times": [
    0.03902754783630371,
    0.0438896656036377,
    0.06902775764465333,
    0.09953527450561524,
    0.15945954322814943
  ],
  "avg_beneficial_mutations": [
    1.8,
    0.6,
    0.0,
    0.0,
    0.0
  ],
  "avg_neutral_mutations": [
    0.0,
    0.4,
    1.0,
    1.0,
    1.0
  ],
  "fitness_histories": {
    "5": [
      [
        0.958,
        1.0
      ],
      [
        0.104,
        0.292,
        1.0
      ],
      [
        0.777,
        0.937,
        1.0
      ],
      [
        0.02,
        0.751,
        0.916,
        0.975
      ],
      [
        0.956,
        0.971
      ]
    ],
    "10": [
      [
        0.983,
        0.993
      ],
      [
        0.898,
        0.953
      ],
      [
        0.986,
        0.986
      ],
      [
        0.973,
        0.984
      ],
      [
        0.983,
        0.983
      ]
    ],
    "20": [
      [
        0.992,
        0.992
      ],
      [
        0.997,
        0.997
      ],
      [
        0.995,
        0.995
      ],
      [
        1.0,
        1.0
      ],
      [
        0.996,
        0.996
      ]
    ],
    "30": [
      [
        1.0,
        1.0
      ],
      [
        0.998,
        0.998
      ],
      [
        0.999,
        0.999
      ],
      [
        1.0,
        1.0
      ],
      [
        0.997,
        0.997
      ]
    ],
    "50": [
      [
        1.0,
        1.0
      ],
      [
        1.0,
        1.0
      ],
      [
        1.0,
        1.0
      ],
      [
        1.0,
        1.0
      ],
      [
        1.0,
        1.0
      ]
    ]
  },
  "timestamp": "2025-05-14T18:16:45.196146"
}