{
  "function_class": "Majority",
  "distribution": "beta",
  "dist_name": "beta",
  "bias": null,
  "epsilon": 0.05,
  "tolerance": 0.01,
  "trials": 5,
  "n_values": [
    5,
    10,
    20,
    30,
    50
  ],
  "success_rates": [
    0.6,
    0.8,
    0.4,
    0.4,
    0.2
  ],
  "avg_generations": [
    82.8,
    7.0,
    7.2,
    4.8,
    1.0
  ],
  "avg_times": [
    1.3680635929107665,
    0.2973134517669678,
    0.7705273628234863,
    0.9205389976501465,
    0.4675755977630615
  ],
  "avg_beneficial_mutations": [
    1.6,
    2.6,
    3.2,
    1.8,
    0.4
  ],
  "avg_neutral_mutations": [
    9.4,
    1.2,
    2.2,
    1.4,
    0.6
  ],
  "fitness_histories": {
    "5": [
      [
        0.709,
        0.889,
        0.889,
        0.889,
        0.889,
        0.889,
        0.889,
        0.889,
        0.889,
        0.889,
        0.889,
        0.889,
        0.889,
        0.889,
        1.0
      ],
      [
        0.886,
        0.886,
        0.886,
        1.0
      ],
      [
        0.811,
        0.811,
        0.811,
        0.811,
        0.811,
        0.811,
        0.811,
        0.811,
        0.811,
        0.811,
        0.811,
        0.811,
        0.811,
        0.811,
        0.811,
        0.811,
        0.811,
        0.811,
        0.811,
        0.811,
        0.811,
        0.811,
        0.811,
        0.811,
        0.811,
        0.811,
        0.811,
        0.811,
        0.811,
        0.811,
        0.811,
        0.811,
        0.811,
        0.811,
        0.811,
        0.811,
        0.811,
        0.811,
        0.811,
        0.811,
        0.811,
        0.811,
        0.811,
        0.811,
        0.811,
        0.811,
        0.811,
        0.811,
        0.811,
        0.811,
        0.811,
        0.811,
        0.811,
        0.811,
        0.811,
        0.811,
        0.811,
        0.811,
        0.811,
        0.811,
        0.811,
        0.811,
        0.811,
        0.811,
        0.811,
        0.811,
        0.811,
        0.811,
        0.811,
        0.811,
        0.811,
        0.811,
        0.811,
        0.811,
        0.811,
        0.811,
        0.811,
        0.811,
        0.811,
        0.811,
        0.811,
        0.811,
        0.811,
        0.811,
        0.811,
        0.811,
        0.811,
        0.811,
        0.811,
        0.811,
        0.811,
        0.811,
        0.811,
        0.811,
        0.811,
        0.811,
        0.811,
        0.811,
        0.811,
        0.811,
        0.811,
        0.811,
        0.811,
        0.811,
        0.811,
        0.811,
        0.811,
        0.825,
        0.825,
        0.825,
        0.825,
        0.825,
        0.825,
        0.825,
        0.825,
        0.825,
        0.825,
        0.825,
        0.825,
        0.825,
        0.825,
        0.825,
        0.825,
        0.825,
        0.825,
        0.825,
        0.825,
        0.825,
        0.825,
        0.825,
        0.825,
        0.825,
        0.825,
        0.825,
        0.825,
        0.825,
        0.825,
        0.825,
        0.825,
        0.825,
        0.825,
        0.825,
        0.825,
        0.825,
        0.825,
        0.825,
        0.825,
        0.825,
        0.825,
        0.825,
        0.825,
        0.825,
        0.825,
        0.825,
        0.825,
        0.825,
        0.825,
        0.825,
        0.825,
        0.825,
        0.825,
        0.825,
        0.825,
        0.825,
        0.825,
        0.825,
        0.825,
        0.825,
        0.825,
        0.825,
        0.825,
        0.825,
        0.825,
        0.825,
        0.825,
        0.825,
        0.825,
        0.825,
        0.825,
        0.825,
        0.825,
        0.825,
        0.825,
        0.825,
        0.825,
        0.825,
        0.825,
        0.825,
        0.825,
        0.825,
        0.825,
        0.825,
        0.825,
        0.825,
        0.825,
        0.825,
        0.825,
        0.825,
        0.825,
        0.825,
        0.825,
        0.825,
        0.825,
        0.825,
        0.825,
        0.825,
        0.825
      ],
      [
        0.69,
        0.894,
        0.894,
        0.894,
        0.894,
        0.894,
        0.894,
        0.894,
        1.0
      ],
      [
        0.798,
        0.798,
        0.798,
        0.798,
        0.798,
        0.798,
        0.798,
        0.798,
        0.798,
        0.816,
        0.816,
        0.816,
        0.816,
        0.816,
        0.816,
        0.816,
        0.816,
        0.816,
        0.816,
        0.816,
        0.816,
        0.816,
        0.816,
        0.816,
        0.816,
        0.816,
        0.816,
        0.816,
        0.816,
        0.816,
        0.816,
        0.816,
        0.816,
        0.816,
        0.816,
        0.816,
        0.816,
        0.816,
        0.816,
        0.816,
        0.816,
        0.816,
        0.816,
        0.816,
        0.816,
        0.816,
        0.816,
        0.816,
        0.816,
        0.816,
        0.816,
        0.816,
        0.816,
        0.816,
        0.816,
        0.816,
        0.816,
        0.816,
        0.816,
        0.816,
        0.816,
        0.816,
        0.816,
        0.816,
        0.816,
        0.816,
        0.816,
        0.816,
        0.816,
        0.816,
        0.816,
        0.827,
        0.827,
        0.827,
        0.827,
        0.827,
        0.827,
        0.827,
        0.827,
        0.827,
        0.827,
        0.827,
        0.827,
        0.827,
        0.827,
        0.827,
        0.827,
        0.827,
        0.827,
        0.827,
        0.827,
        0.827,
        0.827,
        0.827,
        0.827,
        0.827,
        0.827,
        0.827,
        0.827,
        0.827,
        0.827,
        0.827,
        0.827,
        0.827,
        0.827,
        0.827,
        0.827,
        0.827,
        0.827,
        0.827,
        0.827,
        0.827,
        0.827,
        0.827,
        0.827,
        0.827,
        0.827,
        0.827,
        0.827,
        0.827,
        0.827,
        0.827,
        0.827,
        0.827,
        0.827,
        0.827,
        0.827,
        0.827,
        0.827,
        0.827,
        0.827,
        0.827,
        0.827,
        0.827,
        0.827,
        0.827,
        0.827,
        0.827,
        0.827,
        0.827,
        0.827,
        0.827,
        0.827,
        0.827,
        0.827,
        0.827,
        0.827,
        0.827,
        0.827,
        0.827,
        0.827,
        0.827,
        0.827,
        0.827,
        0.827,
        0.827,
        0.827,
        0.827,
        0.827,
        0.827,
        0.827,
        0.827,
        0.827,
        0.827,
        0.827,
        0.827,
        0.827,
        0.827,
        0.827,
        0.827,
        0.827,
        0.827,
        0.827,
        0.827,
        0.827,
        0.827,
        0.827,
        0.827,
        0.827,
        0.827,
        0.827,
        0.827
      ]
    ],
    "10": [
      [
        0.855,
        0.855,
        0.855,
        0.855,
        0.855,
        0.855,
        0.855,
        0.855,
        0.855,
        0.855,
        0.855,
        0.855,
        0.855,
        0.855,
        0.855,
        0.855,
        0.855,
        0.855,
        0.887,
        0.887,
        0.934,
        0.934,
        0.956
      ],
      [
        0.887,
        0.929,
        0.943,
        0.962
      ],
      [
        0.864,
        0.935,
        0.935,
        0.955
      ],
      [
        0.904,
        0.904,
        0.915,
        0.929,
        0.952
      ],
      [
        0.891,
        0.891,
        0.945,
        0.955
      ]
    ],