{
  "function_class": "GeneralDisjunction",
  "distribution": "beta",
  "dist_name": "beta",
  "bias": null,
  "epsilon": 0.05,
  "tolerance": 0.01,
  "trials": 5,
  "n_values": [
    5,
    10,
    20,
    30,
    50
  ],
  "success_rates": [
    1.0,
    1.0,
    1.0,
    1.0,
    1.0
  ],
  "avg_generations": [
    2.8,
    4.8,
    1.0,
    1.0,
    1.0
  ],
  "avg_times": [
    0.09347233772277833,
    0.27843599319458007,
    0.1291815757751465,
    0.18903145790100098,
    0.31092610359191897
  ],
  "avg_beneficial_mutations": [
    2.8,
    2.2,
    0.0,
    0.0,
    0.0
  ],
  "avg_neutral_mutations": [
    0.0,
    2.0,
    1.0,
    1.0,
    1.0
  ],
  "fitness_histories": {
    "5": [
      [
        0.278,
        0.344,
        0.555,
        0.598,
        0.705,
        0.823,
        1.0
      ],
      [
        0.498,
        0.743,
        0.876,
        1.0
      ],
      [
        0.95,
        0.992
      ],
      [
        0.272,
        1.0
      ],
      [
        0.42,
        0.58,
        0.826,
        1.0
      ]
    ],
    "10": [
      [
        0.976,
        0.976
      ],
      [
        0.982,
        0.993
      ],
      [
        0.965,
        0.988
      ],
      [
        0.952,
        0.976
      ],
      [
        0.468,
        0.486,
        0.486,
        0.486,
        0.486,
        0.496,
        0.496,
        0.496,
        0.496,
        0.496,
        0.496,
        0.496,
        0.496,
        0.496,
        0.496,
        0.516,
        0.715,
        0.75,
        0.81,
        0.884,
        1.0
      ]
    ],
    "20": [
      [
        0.999,
        0.999
      ],
      [
        0.998,
        0.998
      ],
      [
        1.0,
        1.0
      ],
      [
        1.0,
        1.0
      ],
      [
        0.999,
        0.999
      ]
    ],
    "30": [
      [
        0.999,
        0.999
      ],
      [
        0.998,
        0.998
      ],
      [
        0.999,
        0.999
      ],
      [
        1.0,
        1.0
      ],
      [
        1.0,
        1.0
      ]
    ],
    "50": [
      [
        1.0,
        1.0
      ],
      [
        1.0,
        1.0
      ],
      [
        1.0,
        1.0
      ],
      [
        1.0,
        1.0
      ],
      [
        1.0,
        1.0
      ]
    ]
  },
  "timestamp": "2025-05-14T18:17:21.908891"
}