{
  "function_class": "GeneralConjunction",
  "distribution": "biased",
  "dist_name": "biased_075",
  "bias": 0.75,
  "epsilon": 0.05,
  "tolerance": 0.01,
  "trials": 5,
  "n_values": [
    5,
    10,
    20,
    30,
    50
  ],
  "success_rates": [
    1.0,
    1.0,
    1.0,
    1.0,
    1.0
  ],
  "avg_generations": [
    2.2,
    43.2,
    1.0,
    1.0,
    1.0
  ],
  "avg_times": [
    0.018192529678344727,
    0.5860425472259522,
    0.03652234077453613,
    0.05372495651245117,
    0.08994359970092773
  ],
  "avg_beneficial_mutations": [
    2.2,
    2.8,
    0.0,
    0.0,
    0.0
  ],
  "avg_neutral_mutations": [
    0.0,
    11.4,
    1.0,
    1.0,
    1.0
  ],
  "fitness_histories": {
    "5": [
      [
        0.756,
        0.961
      ],
      [
        0.036,
        0.795,
        0.971
      ],
      [
        0.703,
        0.838,
        0.914,
        0.943,
        1.0
      ],
      [
        0.878,
        0.906,
        0.949,
        1.0
      ],
      [
        0.968,
        0.982
      ]
    ],
    "10": [
      [
        0.978,
        0.991
      ],
      [
        0.933,
        0.957
      ],
      [
        0.827,
        0.925,
        0.943,
        0.969
      ],
      [
        0.754,
        0.846,
        0.862,
        0.876,
        0.876,
        0.876,
        0.876,
        0.876,
        0.876,
        0.876,
        0.886,
        0.886,
        0.886,
        0.886,
        0.886,
        0.886,
        0.886,
        0.886,
        0.886,
        0.886,
        0.886,
        0.886,
        0.886,
        0.886,
        0.886,
        0.886,
        0.886,
        0.886,
        0.886,
        0.886,
        0.886,
        0.886,
        0.886,
        0.886,
        0.886,
        0.886,
        0.886,
        0.886,
        0.886,
        0.886,
        0.886,
        0.886,
        0.886,
        0.886,
        0.886,
        0.886,
        0.886,
        0.886,
        0.886,
        0.886,
        0.886,
        0.886,
        0.886,
        0.886,
        0.886,
        0.886,
        0.886,
        0.886,
        0.886,
        0.886,
        0.886,
        0.886,
        0.886,
        0.886,
        0.886,
        0.886,
        0.886,
        0.886,
        0.886,
        0.886,
        0.886,
        0.886,
        0.886,
        0.886,
        0.886,
        0.886,
        0.886,
        0.886,
        0.886,
        0.886,
        0.886,
        0.886,
        0.886,
        0.886,
        0.886,
        0.886,
        0.886,
        0.886,
        0.886,
        0.886,
        0.886,
        0.886,
        0.886,
        0.886,
        0.886,
        0.886,
        0.886,
        0.886,
        0.886,
        0.886,
        0.886,
        0.886,
        0.886,
        0.886,
        0.886,
        0.886,
        0.886,
        0.886,
        0.886,
        0.886,
        0.886,
        0.886,
        0.886,
        0.886,
        0.886,
        0.886,
        0.886,
        0.886,
        0.886,
        0.886,
        0.886,
        0.886,
        0.886,
        0.886,
        0.886,
        0.886,
        0.886,
        0.886,
        0.886,
        0.886,
        0.886,
        0.886,
        0.886,
        0.886,
        0.886,
        0.886,
        0.886,
        0.899,
        0.899,
        0.899,
        0.899,
        0.899,
        0.899,
        0.899,
        0.899,
        0.899,
        0.899,
        0.899,
        0.899,
        0.899,
        0.899,
        0.899,
        0.899,
        0.899,
        0.899,
        0.899,
        0.899,
        0.899,
        0.899,
        0.899,
        0.899,
        0.899,
        0.899,
        0.899,
        0.899,
        0.899,
        0.899,
        0.899,
        0.899,
        0.899,
        0.899,
        0.899,
        0.899,
        0.899,
        0.899,
        0.899,
        0.899,
        0.899,
        0.899,
        0.899,
        0.899,
        0.899,
        0.899,
        0.899,
        0.899,
        0.899,
        0.899,
        0.899,
        0.899,
        0.899,
        0.899,
        0.899,
        0.899,
        0.899,
        0.899,
        0.899,
        0.899,
        0.899,
        0.899,
        0.899,
        0.899,
        0.899,
        0.899,
        0.899,
        0.899,
        0.899,
        0.899,
        0.899,
        0.921,
        0.943,
        0.963
      ],
      [
        0.983,
        0.996
      ]
    ],
    "20": [
      [
        1.0,
        1.0
      ],
      [
        0.999,
        0.999
      ],
      [
        0.997,
        0.997
      ],
      [
        0.998,
        0.998
      ],
      [
        0.999,
        0.999
      ]
    ],
    "30": [
      [
        1.0,
        1.0
      ],
      [
        0.999,
        0.999
      ],
      [
        1.0,
        1.0
      ],
      [
        1.0,
        1.0
      ],
      [
        1.0,
        1.0
      ]
    ],
    "50": [
      [
        1.0,
        1.0
      ],
      [
        1.0,
        1.0
      ],
      [
        1.0,
        1.0
      ],
      [
        1.0,
        1.0
      ],
      [
        1.0,
        1.0
      ]
    ]
  },
  "timestamp": "2025-05-14T18:17:49.811690"
}