{
  "function_class": "Majority",
  "distribution": "biased",
  "dist_name": "biased_075",
  "bias": 0.75,
  "epsilon": 0.05,
  "tolerance": 0.01,
  "trials": 5,
  "n_values": [
    5,
    10,
    20,
    30,
    50
  ],
  "success_rates": [
    0.8,
    0.6,
    1.0,
    1.0,
    1.0
  ],
  "avg_generations": [
    13.4,
    10.8,
    1.0,
    1.0,
    1.0
  ],
  "avg_times": [
    0.09527688026428223,
    0.20300002098083497,
    0.08139257431030274,
    0.14706406593322754,
    0.34412050247192383
  ],
  "avg_beneficial_mutations": [
    2.0,
    0.8,
    0.4,
    0.6,
    0.0
  ],
  "avg_neutral_mutations": [
    0.8,
    0.0,
    0.6,
    0.4,
    1.0
  ],
  "fitness_histories": {
    "5": [
      [
        0.917,
        0.917,
        0.917,
        0.917,
        0.917,
        0.917,
        0.917,
        0.917,
        0.947,
        1.0
      ],
      [
        0.765,
        0.922,
        0.922,
        0.922,
        0.922,
        0.922,
        0.922,
        0.922,
        0.922,
        0.922,
        0.922,
        0.922,
        0.922,
        0.922,
        0.922,
        0.922,
        0.922,
        0.922,
        0.922,
        0.922,
        0.922,
        0.922,
        0.922,
        0.922,
        0.922,
        0.922,
        0.922,
        0.94,
        1.0
      ],
      [
        0.895,
        0.959
      ],
      [
        0.918,
        0.918,
        0.918,
        0.918,
        0.918,
        0.918,
        0.918,
        0.918,
        0.918,
        0.918,
        0.918,
        0.918,
        0.918,
        0.918,
        0.918,
        0.918,
        0.918,
        0.918,
        0.918,
        0.918,
        0.918,
        0.918,
        0.918,
        0.949,
        1.0
      ],
      [
        0.906,
        0.906,
        0.906,
        0.906,
        0.945,
        1.0
      ]
    ],
    "10": [
      [
        0.86,
        0.963
      ],
      [
        0.914,
        0.97
      ],
      [
        0.922,
        0.97
      ],
      [
        0.94,
        0.94,
        0.94,
        0.94,
        0.94,
        0.94,
        0.94,
        0.94,
        0.94,
        0.94,
        0.94,
        0.94,
        0.94,
        0.94,
        0.94,
        0.94,
        0.94,
        0.94,
        0.94,
        0.94,
        0.94,
        0.94,
        0.94,
        0.94,
        0.94,
        0.94,
        0.94,
        0.94,
        0.94,
        0.94,
        0.94,
        0.94,
        0.94,
        0.94,
        0.94,
        0.94,
        0.94,
        0.94,
        0.94,
        0.94,
        0.94,
        0.94,
        0.94,
        0.94,
        0.94,
        0.94,
        0.94,
        0.94,
        0.94,
        0.94
      ],
      [
        0.855,
        0.961
      ]
    ],
    "20": [
      [
        0.956,
        0.985
      ],
      [
        0.991,
        0.991
      ],
      [
        0.979,
        0.995
      ],
      [
        0.996,
        0.996
      ],
      [
        0.987,
        0.987
      ]
    ],
    "30": [
      [
        0.993,
        0.993
      ],
      [
        0.987,
        0.998
      ],
      [
        0.972,
        0.987
      ],
      [
        0.996,
        0.996
      ],
      [
        0.961,
        0.984
      ]
    ],
    "50": [
      [
        1.0,
        1.0
      ],
      [
        0.996,
        0.996
      ],
      [
        0.998,
        0.998
      ],
      [
        0.999,
        0.999
      ],
      [
        0.995,
        0.995
      ]
    ]
  },
  "timestamp": "2025-05-14T18:18:05.177089"
}