{
  "function_class": "MonotoneConjunction",
  "distribution": "biased",
  "dist_name": "biased_075",
  "bias": 0.75,
  "epsilon": 0.05,
  "tolerance": 0.01,
  "trials": 5,
  "n_values": [
    5,
    10,
    20,
    30,
    50
  ],
  "success_rates": [
    1.0,
    1.0,
    0.6,
    1.0,
    1.0
  ],
  "avg_generations": [
    2.2,
    5.2,
    23.8,
    1.0,
    1.0
  ],
  "avg_times": [
    0.009665298461914062,
    0.045465850830078126,
    0.4132079601287842,
    0.03286819458007813,
    0.058569145202636716
  ],
  "avg_beneficial_mutations": [
    2.2,
    5.2,
    2.4,
    0.4,
    0.0
  ],
  "avg_neutral_mutations": [
    0.0,
    0.0,
    12.6,
    0.6,
    1.0
  ],
  "fitness_histories": {
    "5": [
      [
        0.572,
        0.676,
        0.839,
        1.0
      ],
      [
        0.534,
        0.728,
        0.851,
        1.0
      ],
      [
        0.754,
        0.859,
        1.0
      ],
      [
        0.81,
        1.0
      ],
      [
        0.674,
        0.871,
        1.0
      ]
    ],
    "10": [
      [
        0.74,
        0.789,
        0.81,
        0.881,
        0.925,
        1.0
      ],
      [
        0.792,
        0.824,
        0.859,
        0.933,
        1.0
      ],
      [
        0.763,
        0.79,
        0.84,
        0.864,
        0.931,
        1.0
      ],
      [
        0.599,
        0.685,
        0.719,
        0.763,
        0.786,
        0.813,
        0.857,
        0.928,
        1.0
      ],
      [
        0.655,
        0.803,
        0.849,
        0.921,
        0.959
      ]
    ],
    "20": [
      [
        0.914,
        0.939,
        0.953
      ],
      [
        0.905,
        0.944,
        0.944,
        0.958
      ],
      [
        0.899,
        0.911,
        0.937,
        0.937,
        0.937,
        0.95
      ],
      [
        0.944,
        0.944,
        0.968
      ],
      [
        0.916,
        0.916,
        0.916,
        0.916,
        0.916,
        0.916,
        0.926,
        0.926,
        0.926,
        0.926,
        0.926,
        0.926,
        0.926,
        0.926,
        0.926,
        0.926,
        0.926,
        0.926,
        0.926,
        0.926,
        0.926,
        0.926,
        0.926,
        0.926,
        0.926,
        0.926,
        0.926,
        0.926,
        0.926,
        0.926,
        0.926,
        0.926,
        0.926,
        0.926,
        0.926,
        0.926,
        0.926,
        0.926,
        0.926,
        0.926,
        0.926,
        0.926,
        0.926,
        0.926,
        0.926,
        0.926,
        0.926,
        0.926,
        0.926,
        0.926,
        0.926,
        0.926,
        0.926,
        0.926,
        0.926,
        0.926,
        0.926,
        0.926,
        0.926,
        0.926,
        0.926,
        0.926,
        0.926,
        0.926,
        0.926,
        0.926,
        0.926,
        0.926,
        0.926,
        0.926,
        0.926,
        0.926,
        0.926,
        0.926,
        0.926,
        0.926,
        0.937,
        0.937,
        0.937,
        0.937,
        0.937,
        0.937,
        0.937,
        0.937,
        0.937,
        0.937,
        0.937,
        0.937,
        0.937,
        0.937,
        0.937,
        0.937,
        0.937,
        0.937,
        0.937,
        0.937,
        0.937,
        0.937,
        0.948,
        0.948,
        0.948,
        0.948,
        0.948,
        0.948,
        0.948,
        0.948,
        0.948,
        0.958
      ]
    ],
    "30": [
      [
        0.973,
        0.989
      ],
      [
        0.981,
        0.981
      ],
      [
        0.978,
        0.978
      ],
      [
        0.983,
        0.983
      ],
      [
        0.968,
        0.982
      ]
    ],
    "50": [
      [
        0.998,
        0.998
      ],
      [
        0.999,
        0.999
      ],
      [
        1.0,
        1.0
      ],
      [
        0.998,
        0.998
      ],
      [
        0.996,
        0.996
      ]
    ]
  },
  "timestamp": "2025-05-14T18:17:44.944687"
}