{
  "function_class": "MonotoneDisjunction",
  "distribution": "biased",
  "dist_name": "biased_075",
  "bias": 0.75,
  "epsilon": 0.05,
  "tolerance": 0.01,
  "trials": 5,
  "n_values": [
    5,
    10,
    20,
    30,
    50
  ],
  "success_rates": [
    1.0,
    1.0,
    1.0,
    1.0,
    1.0
  ],
  "avg_generations": [
    1.2,
    1.0,
    1.0,
    1.0,
    1.0
  ],
  "avg_times": [
    0.006868886947631836,
    0.009237957000732423,
    0.015772628784179687,
    0.022646427154541016,
    0.03871064186096192
  ],
  "avg_beneficial_mutations": [
    1.2,
    0.4,
    0.0,
    0.0,
    0.0
  ],
  "avg_neutral_mutations": [
    0.0,
    0.6,
    1.0,
    1.0,
    1.0
  ],
  "fitness_histories": {
    "5": [
      [
        0.901,
        0.948,
        1.0
      ],
      [
        0.953,
        1.0
      ],
      [
        0.763,
        0.962
      ],
      [
        0.957,
        1.0
      ],
      [
        0.916,
        0.963
      ]
    ],
    "10": [
      [
        1.0,
        1.0
      ],
      [
        0.994,
        0.994
      ],
      [
        0.995,
        0.995
      ],
      [
        0.983,
        0.993
      ],
      [
        0.936,
        0.986
      ]
    ],
    "20": [
      [
        1.0,
        1.0
      ],
      [
        1.0,
        1.0
      ],
      [
        1.0,
        1.0
      ],
      [
        1.0,
        1.0
      ],
      [
        1.0,
        1.0
      ]
    ],
    "30": [
      [
        1.0,
        1.0
      ],
      [
        1.0,
        1.0
      ],
      [
        1.0,
        1.0
      ],
      [
        1.0,
        1.0
      ],
      [
        1.0,
        1.0
      ]
    ],
    "50": [
      [
        1.0,
        1.0
      ],
      [
        1.0,
        1.0
      ],
      [
        1.0,
        1.0
      ],
      [
        1.0,
        1.0
      ],
      [
        1.0,
        1.0
      ]
    ]
  },
  "timestamp": "2025-05-14T18:17:45.669195"
}