{
  "function_class": "MonotoneConjunction",
  "distribution": "binomial",
  "dist_name": "binomial",
  "bias": null,
  "epsilon": 0.05,
  "tolerance": 0.01,
  "trials": 5,
  "n_values": [
    5,
    10,
    20,
    30,
    50
  ],
  "success_rates": [
    1.0,
    1.0,
    1.0,
    1.0,
    1.0
  ],
  "avg_generations": [
    1.2,
    1.0,
    1.0,
    1.0,
    1.0
  ],
  "avg_times": [
    0.05683612823486328,
    0.07432122230529785,
    0.12453413009643555,
    0.16850953102111815,
    0.27391762733459474
  ],
  "avg_beneficial_mutations": [
    1.0,
    0.0,
    0.0,
    0.0,
    0.0
  ],
  "avg_neutral_mutations": [
    0.2,
    1.0,
    1.0,
    1.0,
    1.0
  ],
  "fitness_histories": {
    "5": [
      [
        0.029,
        0.86,
        1.0
      ],
      [
        0.844,
        1.0
      ],
      [
        0.995,
        0.995
      ],
      [
        0.855,
        1.0
      ],
      [
        0.829,
        0.978
      ]
    ],
    "10": [
      [
        0.998,
        0.998
      ],
      [
        1.0,
        1.0
      ],
      [
        1.0,
        1.0
      ],
      [
        1.0,
        1.0
      ],
      [
        1.0,
        1.0
      ]
    ],
    "20": [
      [
        1.0,
        1.0
      ],
      [
        1.0,
        1.0
      ],
      [
        1.0,
        1.0
      ],
      [
        1.0,
        1.0
      ],
      [
        1.0,
        1.0
      ]
    ],
    "30": [
      [
        1.0,
        1.0
      ],
      [
        1.0,
        1.0
      ],
      [
        1.0,
        1.0
      ],
      [
        1.0,
        1.0
      ],
      [
        1.0,
        1.0
      ]
    ],
    "50": [
      [
        1.0,
        1.0
      ],
      [
        1.0,
        1.0
      ],
      [
        1.0,
        1.0
      ],
      [
        1.0,
        1.0
      ],
      [
        1.0,
        1.0
      ]
    ]
  },
  "timestamp": "2025-05-14T18:14:26.854983"
}