{
  "function_class": "GeneralDisjunction",
  "distribution": "binomial",
  "dist_name": "binomial",
  "bias": null,
  "epsilon": 0.05,
  "tolerance": 0.01,
  "trials": 5,
  "n_values": [
    5,
    10,
    20,
    30,
    50
  ],
  "success_rates": [
    1.0,
    0.8,
    1.0,
    1.0,
    1.0
  ],
  "avg_generations": [
    3.0,
    13.4,
    1.0,
    1.0,
    1.0
  ],
  "avg_times": [
    0.16347336769104004,
    1.2904278755187988,
    0.2202929973602295,
    0.3260495662689209,
    0.5480016708374024
  ],
  "avg_beneficial_mutations": [
    2.6,
    2.6,
    0.0,
    0.0,
    0.0
  ],
  "avg_neutral_mutations": [
    0.4,
    10.2,
    1.0,
    1.0,
    1.0
  ],
  "fitness_histories": {
    "5": [
      [
        0.972,
        0.997
      ],
      [
        0.12,
        0.665,
        0.828,
        1.0
      ],
      [
        0.849,
        1.0
      ],
      [
        0.723,
        0.846,
        0.873,
        0.873,
        0.887,
        0.887,
        0.929,
        0.947,
        0.96
      ],
      [
        0.833,
        0.949,
        0.975
      ]
    ],
    "10": [
      [
        0.998,
        0.998
      ],
      [
        0.991,
        0.991
      ],
      [
        0.092,
        0.109,
        0.109,
        0.109,
        0.142,
        0.575,
        0.645,
        0.702,
        0.762,
        0.834,
        0.923,
        1.0
      ],
      [
        0.977,
        0.989
      ],
      [
        0.92,
        0.932,
        0.932,
        0.932,
        0.943,
        0.943,
        0.943,
        0.943,
        0.943,
        0.943,
        0.943,
        0.943,
        0.943,
        0.943,
        0.943,
        0.943,
        0.943,
        0.943,
        0.943,
        0.943,
        0.943,
        0.943,
        0.943,
        0.943,
        0.943,
        0.943,
        0.943,
        0.943,
        0.943,
        0.943,
        0.943,
        0.943,
        0.943,
        0.943,
        0.943,
        0.943,
        0.943,
        0.943,
        0.943,
        0.943,
        0.943,
        0.943,
        0.943,
        0.943,
        0.943,
        0.943,
        0.943,
        0.943,
        0.943,
        0.943,
        0.943,
        0.943,
        0.943,
        0.956
      ]
    ],
    "20": [
      [
        1.0,
        1.0
      ],
      [
        1.0,
        1.0
      ],
      [
        1.0,
        1.0
      ],
      [
        1.0,
        1.0
      ],
      [
        1.0,
        1.0
      ]
    ],
    "30": [
      [
        1.0,
        1.0
      ],
      [
        1.0,
        1.0
      ],
      [
        1.0,
        1.0
      ],
      [
        1.0,
        1.0
      ],
      [
        1.0,
        1.0
      ]
    ],
    "50": [
      [
        1.0,
        1.0
      ],
      [
        1.0,
        1.0
      ],
      [
        1.0,
        1.0
      ],
      [
        1.0,
        1.0
      ],
      [
        1.0,
        1.0
      ]
    ]
  },
  "timestamp": "2025-05-14T18:16:33.260518"
}