{
  "function_class": "MonotoneDisjunction",
  "distribution": "binomial",
  "dist_name": "binomial",
  "bias": null,
  "epsilon": 0.05,
  "tolerance": 0.01,
  "trials": 5,
  "n_values": [
    5,
    10,
    20,
    30,
    50
  ],
  "success_rates": [
    1.0,
    0.8,
    1.0,
    1.0,
    0.4
  ],
  "avg_generations": [
    3.0,
    5.4,
    8.0,
    14.8,
    46.0
  ],
  "avg_times": [
    0.09742226600646972,
    0.295980167388916,
    0.9367279052734375,
    2.754387712478638,
    17.04431004524231
  ],
  "avg_beneficial_mutations": [
    3.0,
    5.4,
    7.6,
    12.6,
    17.0
  ],
  "avg_neutral_mutations": [
    0.0,
    0.0,
    0.4,
    2.2,
    17.6
  ],
  "fitness_histories": {
    "5": [
      [
        0.723,
        0.87,
        1.0
      ],
      [
        0.71,
        0.853,
        1.0
      ],
      [
        0.716,
        0.812,
        0.91,
        1.0
      ],
      [
        0.652,
        0.79,
        0.889,
        1.0
      ],
      [
        0.493,
        0.602,
        0.705,
        0.785,
        0.896,
        1.0
      ]
    ],
    "10": [
      [
        0.645,
        0.717,
        0.749,
        0.818,
        0.857,
        0.886,
        0.952
      ],
      [
        0.816,
        0.879,
        0.947,
        1.0
      ],
      [
        0.613,
        0.681,
        0.743,
        0.805,
        0.855,
        0.882,
        0.949,
        1.0
      ],
      [
        0.679,
        0.751,
        0.803,
        0.883,
        0.946,
        1.0
      ],
      [
        0.614,
        0.697,
        0.778,
        0.824,
        0.88,
        0.929,
        1.0
      ]
    ],
    "20": [
      [
        0.781,
        0.823,
        0.844,
        0.887,
        0.92,
        0.935,
        0.974
      ],
      [
        0.839,
        0.881,
        0.909,
        0.948,
        0.968
      ],
      [
        0.775,
        0.775,
        0.823,
        0.858,
        0.874,
        0.894,
        0.935,
        0.962
      ],
      [
        0.705,
        0.757,
        0.783,
        0.829,
        0.843,
        0.858,
        0.889,
        0.908,
        0.924,
        0.939,
        0.971
      ],
      [
        0.609,
        0.665,
        0.679,
        0.716,
        0.732,
        0.774,
        0.774,
        0.832,
        0.85,
        0.86,
        0.896,
        0.916,
        0.943,
        0.975
      ]
    ],
    "30": [
      [
        0.66,
        0.694,
        0.694,
        0.721,
        0.742,
        0.754,
        0.777,
        0.787,
        0.798,
        0.828,
        0.838,
        0.86,
        0.873,
        0.873,
        0.916,
        0.916,
        0.933,
        0.968
      ],
      [
        0.568,
        0.624,
        0.642,
        0.687,
        0.687,
        0.705,
        0.715,
        0.745,
        0.769,
        0.793,
        0.793,
        0.812,
        0.845,
        0.888,
        0.901,
        0.901,
        0.936,
        0.952
      ],
      [
        0.696,
        0.756,
        0.756,
        0.769,
        0.793,
        0.81,
        0.828,
        0.843,
        0.856,
        0.893,
        0.893,
        0.928,
        0.928,
        0.948,
        0.958
      ],
      [
        0.719,
        0.763,
        0.78,
        0.794,
        0.837,
        0.837,
        0.86,
        0.877,
        0.887,
        0.908,
        0.918,
        0.949,
        0.961
      ],
      [
        0.677,
        0.734,
        0.763,
        0.773,
        0.783,
        0.809,
        0.82,
        0.832,
        0.862,
        0.862,
        0.889,
        0.907,
        0.923,
        0.945,
        0.963
      ]
    ],
    "50": [
      [
        0.618,
        0.656,
        0.656,
        0.678,
        0.692,
        0.692,
        0.726,
        0.726,
        0.726,
        0.726,
        0.744,
        0.759,
        0.759,
        0.769,
        0.769,
        0.769,
        0.782,
        0.795,
        0.795,
        0.815,
        0.825,
        0.836,
        0.836,
        0.846,
        0.846,
        0.863,
        0.863,
        0.863,
        0.863,
        0.863,
        0.863,
        0.876,
        0.876,
        0.886,
        0.886,
        0.904,
        0.904,
        0.92,
        0.93,
        0.93,
        0.942,
        0.956
      ],
      [
        0.668,
        0.693,
        0.711,
        0.711,
        0.728,
        0.749,
        0.749,
        0.749,
        0.759,
        0.759,
        0.759,
        0.777,
        0.777,
        0.802,
        0.802,
        0.802,
        0.816,
        0.83,
        0.83,
        0.83,
        0.83,
        0.83,
        0.83,
        0.83,
        0.83,
        0.83,
        0.83,
        0.841,
        0.86,
        0.86,
        0.87,
        0.87,
        0.87,
        0.87,
        0.88,
        0.895,
        0.895,
        0.921,
        0.921,
        0.921,
        0.944,
        0.954
      ],
      [
        0.605,
        0.636,
        0.683,
        0.683,
        0.683,
        0.683,
        0.683,
        0.683,
        0.683,
        0.683,
        0.683,
        0.683,
        0.683,
        0.683,
        0.683,
        0.683,
        0.683,
        0.698,
        0.709,
        0.735,
        0.735,
        0.735,
        0.763,
        0.763,
        0.785,
        0.785,
        0.802,
        0.812,
        0.825,
        0.836,
        0.836,
        0.836,
        0.836,
        0.836,
        0.836,
        0.836,
        0.836,
        0.836,
        0.836,
        0.836,
        0.836,
        0.846,
        0.846,
        0.846,
        0.846,
        0.846,
        0.862,
        0.862,
        0.862,
        0.862,
        0.862,
        0.862,
        0.862,
        0.862,
        0.862,
        0.862,
        0.876,
        0.876,
        0.876,
        0.876,
        0.876,
        0.896,
        0.896,
        0.896,
        0.896,
        0.896,
        0.896,
        0.896,
        0.896,
        0.896,
        0.896,
        0.896,
        0.896,
        0.896,
        0.909,
        0.909,
        0.919,
        0.932,
        0.944,
        0.964
      ],
      [
        0.711,
        0.751,
        0.779,
        0.779,
        0.779,
        0.779,
        0.779,
        0.779,
        0.802,
        0.815,
        0.815,
        0.815,
        0.815,
        0.815,
        0.815,
        0.815,
        0.815,
        0.825,
        0.825,
        0.858,
        0.876,
        0.876,
        0.876,
        0.876,
        0.904,
        0.904,
        0.904,
        0.904,
        0.904,
        0.904,
        0.919,
        0.944,
        0.944,
        0.944,
        0.954
      ],
      [
        0.607,
        0.666,
        0.677,
        0.701,
        0.701,
        0.701,
        0.716,
        0.741,
        0.741,
        0.755,
        0.755,
        0.784,
        0.784,
        0.784,
        0.801,
        0.801,
        0.801,
        0.801,
        0.801,
        0.801,
        0.821,
        0.821,
        0.844,
        0.857,
        0.857,
        0.868,
        0.899,
        0.899,
        0.899,
        0.899,
        0.899,
        0.92,
        0.92,
        0.939,
        0.939,
        0.95
      ]
    ]
  },
  "timestamp": "2025-05-14T18:16:12.728962"
}