{
  "function_class": "GeneralConjunction",
  "distribution": "binomial",
  "dist_name": "binomial",
  "bias": null,
  "epsilon": 0.05,
  "tolerance": 0.01,
  "trials": 5,
  "n_values": [
    5,
    10,
    20,
    30,
    50
  ],
  "success_rates": [
    1.0,
    0.8,
    1.0,
    1.0,
    1.0
  ],
  "avg_generations": [
    1.6,
    2.8,
    1.0,
    1.0,
    1.0
  ],
  "avg_times": [
    0.10177202224731445,
    0.28551130294799804,
    0.21922965049743653,
    0.319580078125,
    0.5355763912200928
  ],
  "avg_beneficial_mutations": [
    1.6,
    1.0,
    0.0,
    0.0,
    0.0
  ],
  "avg_neutral_mutations": [
    0.0,
    1.8,
    1.0,
    1.0,
    1.0
  ],
  "fitness_histories": {
    "5": [
      [
        0.866,
        0.98
      ],
      [
        0.978,
        0.996
      ],
      [
        0.715,
        0.838,
        0.956
      ],
      [
        0.867,
        0.977
      ],
      [
        0.329,
        0.474,
        0.882,
        1.0
      ]
    ],
    "10": [
      [
        1.0,
        1.0
      ],
      [
        0.92,
        0.99
      ],
      [
        0.918,
        0.942,
        0.942,
        0.942,
        0.942,
        0.942,
        0.942,
        0.942,
        0.942,
        0.954
      ],
      [
        0.327,
        0.935,
        1.0
      ],
      [
        1.0,
        1.0
      ]
    ],
    "20": [
      [
        1.0,
        1.0
      ],
      [
        1.0,
        1.0
      ],
      [
        1.0,
        1.0
      ],
      [
        1.0,
        1.0
      ],
      [
        1.0,
        1.0
      ]
    ],
    "30": [
      [
        1.0,
        1.0
      ],
      [
        1.0,
        1.0
      ],
      [
        1.0,
        1.0
      ],
      [
        1.0,
        1.0
      ],
      [
        1.0,
        1.0
      ]
    ],
    "50": [
      [
        1.0,
        1.0
      ],
      [
        1.0,
        1.0
      ],
      [
        1.0,
        1.0
      ],
      [
        1.0,
        1.0
      ],
      [
        1.0,
        1.0
      ]
    ]
  },
  "timestamp": "2025-05-14T18:16:20.288575"
}