{
  "function_class": "Majority",
  "distribution": "binomial",
  "dist_name": "binomial",
  "bias": null,
  "epsilon": 0.05,
  "tolerance": 0.01,
  "trials": 5,
  "n_values": [
    5,
    10,
    20,
    30,
    50
  ],
  "success_rates": [
    0.6,
    1.0,
    1.0,
    1.0,
    1.0
  ],
  "avg_generations": [
    20.6,
    1.0,
    1.0,
    1.0,
    1.0
  ],
  "avg_times": [
    0.5820387840270996,
    0.09502911567687988,
    0.1847325325012207,
    0.2941005706787109,
    0.6005009174346924
  ],
  "avg_beneficial_mutations": [
    0.6,
    0.0,
    0.0,
    0.0,
    0.0
  ],
  "avg_neutral_mutations": [
    0.0,
    1.0,
    1.0,
    1.0,
    1.0
  ],
  "fitness_histories": {
    "5": [
      [
        0.943,
        0.943,
        0.943,
        0.943,
        0.943,
        0.943,
        0.943,
        0.943,
        0.943,
        0.943,
        0.943,
        0.943,
        0.943,
        0.943,
        0.943,
        0.943,
        0.943,
        0.943,
        0.943,
        0.943,
        0.943,
        0.943,
        0.943,
        0.943,
        0.943,
        0.943,
        0.943,
        0.943,
        0.943,
        0.943,
        0.943,
        0.943,
        0.943,
        0.943,
        0.943,
        0.943,
        0.943,
        0.943,
        0.943,
        0.943,
        0.943,
        0.943,
        0.943,
        0.943,
        0.943,
        0.943,
        0.943,
        0.943,
        0.943,
        0.943
      ],
      [
        0.814,
        0.977
      ],
      [
        0.831,
        0.971
      ],
      [
        0.925,
        0.925,
        0.925,
        0.925,
        0.925,
        0.925,
        0.925,
        0.925,
        0.925,
        0.925,
        0.925,
        0.925,
        0.925,
        0.925,
        0.925,
        0.925,
        0.925,
        0.925,
        0.925,
        0.925,
        0.925,
        0.925,
        0.925,
        0.925,
        0.925,
        0.925,
        0.925,
        0.925,
        0.925,
        0.925,
        0.925,
        0.925,
        0.925,
        0.925,
        0.925,
        0.925,
        0.925,
        0.925,
        0.925,
        0.925,
        0.925,
        0.925,
        0.925,
        0.925,
        0.925,
        0.925,
        0.925,
        0.925,
        0.925,
        0.925
      ],
      [
        0.838,
        0.97
      ]
    ],
    "10": [
      [
        0.997,
        0.997
      ],
      [
        1.0,
        1.0
      ],
      [
        0.999,
        0.999
      ],
      [
        0.976,
        0.976
      ],
      [
        0.997,
        0.997
      ]
    ],
    "20": [
      [
        1.0,
        1.0
      ],
      [
        1.0,
        1.0
      ],
      [
        1.0,
        1.0
      ],
      [
        1.0,
        1.0
      ],
      [
        1.0,
        1.0
      ]
    ],
    "30": [
      [
        1.0,
        1.0
      ],
      [
        1.0,
        1.0
      ],
      [
        1.0,
        1.0
      ],
      [
        1.0,
        1.0
      ],
      [
        1.0,
        1.0
      ]
    ],
    "50": [
      [
        1.0,
        1.0
      ],
      [
        1.0,
        1.0
      ],
      [
        1.0,
        1.0
      ],
      [
        1.0,
        1.0
      ],
      [
        1.0,
        1.0
      ]
    ]
  },
  "timestamp": "2025-05-14T18:16:42.266214"
}