{
  "function_class": "MonotoneConjunction",
  "epsilon": 0.05,
  "tolerance": 0.01,
  "trials": 5,
  "n_values": [
    5,
    10,
    20,
    30,
    50
  ],
  "success_rates": [
    1.0,
    1.0,
    1.0,
    1.0,
    1.0
  ],
  "avg_generations": [
    2.8,
    1.2,
    1.0,
    1.0,
    1.0
  ],
  "avg_times": [
    0.010927963256835937,
    0.010600090026855469,
    0.015973758697509766,
    0.023052978515625,
    0.03800158500671387
  ],
  "avg_beneficial_mutations": [
    2.8,
    0.6,
    0.0,
    0.0,
    0.0
  ],
  "avg_neutral_mutations": [
    0.0,
    0.0,
    0.0,
    0.0,
    0.0
  ],
  "fitness_histories": {
    "5": [
      [
        0.486,
        0.761,
        0.891,
        0.936,
        1.0
      ],
      [
        0.796,
        0.881,
        1.0
      ],
      [
        0.934,
        0.962
      ],
      [
        0.506,
        0.649,
        0.75,
        1.0
      ],
      [
        0.518,
        0.755,
        0.872,
        0.923,
        1.0
      ]
    ],
    "10": [
      [
        0.979,
        0.979
      ],
      [
        0.976,
        0.976
      ],
      [
        0.931,
        0.971
      ],
      [
        0.925,
        0.949,
        0.967
      ],
      [
        0.97,
        0.97
      ]
    ],
    "20": [
      [
        0.998,
        0.998
      ],
      [
        0.989,
        0.989
      ],
      [
        1.0,
        1.0
      ],
      [
        0.997,
        0.997
      ],
      [
        0.996,
        0.996
      ]
    ],
    "30": [
      [
        1.0,
        1.0
      ],
      [
        1.0,
        1.0
      ],
      [
        1.0,
        1.0
      ],
      [
        1.0,
        1.0
      ],
      [
        1.0,
        1.0
      ]
    ],
    "50": [
      [
        1.0,
        1.0
      ],
      [
        1.0,
        1.0
      ],
      [
        1.0,
        1.0
      ],
      [
        1.0,
        1.0
      ],
      [
        1.0,
        1.0
      ]
    ]
  },
  "timestamp": "2025-05-14T18:18:06.581981"
}