{
  "function_class": "GeneralDisjunction",
  "epsilon": 0.05,
  "tolerance": 0.01,
  "trials": 5,
  "n_values": [
    5,
    10,
    20,
    30,
    50
  ],
  "success_rates": [
    1.0,
    0.8,
    1.0,
    1.0,
    1.0
  ],
  "avg_generations": [
    3.8,
    1.8,
    1.0,
    1.0,
    1.0
  ],
  "avg_times": [
    0.028184843063354493,
    0.028577375411987304,
    0.033002471923828124,
    0.048768138885498045,
    0.08306660652160644
  ],
  "avg_beneficial_mutations": [
    2.6,
    1.6,
    0.0,
    0.0,
    0.0
  ],
  "avg_neutral_mutations": [
    0.0,
    0.0,
    0.0,
    0.0,
    0.0
  ],
  "fitness_histories": {
    "5": [
      [
        0.467,
        0.569,
        0.614,
        0.74,
        1.0
      ],
      [
        0.774,
        1.0
      ],
      [
        0.881,
        0.94,
        1.0
      ],
      [
        0.252,
        0.76,
        1.0
      ],
      [
        0.789,
        0.878,
        0.913,
        0.913,
        0.913,
        0.913,
        0.913,
        0.913,
        0.913,
        0.925,
        0.967
      ]
    ],
    "10": [
      [
        0.044,
        0.546,
        0.801,
        0.923,
        0.963
      ],
      [
        0.87,
        0.939,
        0.964
      ],
      [
        0.99,
        0.99
      ],
      [
        0.948,
        0.981
      ],
      [
        0.923,
        0.966
      ]
    ],
    "20": [
      [
        0.999,
        0.999
      ],
      [
        0.997,
        0.997
      ],
      [
        0.999,
        0.999
      ],
      [
        1.0,
        1.0
      ],
      [
        0.999,
        0.999
      ]
    ],
    "30": [
      [
        1.0,
        1.0
      ],
      [
        1.0,
        1.0
      ],
      [
        1.0,
        1.0
      ],
      [
        1.0,
        1.0
      ],
      [
        1.0,
        1.0
      ]
    ],
    "50": [
      [
        1.0,
        1.0
      ],
      [
        1.0,
        1.0
      ],
      [
        1.0,
        1.0
      ],
      [
        1.0,
        1.0
      ],
      [
        1.0,
        1.0
      ]
    ]
  },
  "timestamp": "2025-05-14T18:18:10.318599"
}