{
  "function_class": "GeneralConjunction",
  "epsilon": 0.05,
  "tolerance": 0.01,
  "trials": 5,
  "n_values": [
    5,
    10,
    20,
    30,
    50
  ],
  "success_rates": [
    1.0,
    0.4,
    1.0,
    1.0,
    1.0
  ],
  "avg_generations": [
    11.6,
    2.2,
    1.0,
    1.0,
    1.0
  ],
  "avg_times": [
    0.07913022041320801,
    0.035027265548706055,
    0.03314471244812012,
    0.05041704177856445,
    0.0847395420074463
  ],
  "avg_beneficial_mutations": [
    4.2,
    1.0,
    0.0,
    0.0,
    0.0
  ],
  "avg_neutral_mutations": [
    0.0,
    0.0,
    0.0,
    0.0,
    0.0
  ],
  "fitness_histories": {
    "5": [
      [
        0.48,
        0.637,
        0.759,
        1.0
      ],
      [
        0.745,
        0.828,
        0.877,
        1.0
      ],
      [
        0.657,
        0.719,
        0.774,
        0.774,
        0.786,
        0.807,
        0.892,
        1.0
      ],
      [
        0.388,
        0.62,
        0.74,
        1.0
      ],
      [
        0.675,
        0.834,
        0.883,
        0.895,
        0.922,
        0.922,
        0.922,
        0.922,
        0.922,
        0.922,
        0.922,
        0.922,
        0.922,
        0.922,
        0.922,
        0.922,
        0.922,
        0.922,
        0.922,
        0.922,
        0.922,
        0.922,
        0.922,
        0.922,
        0.922,
        0.922,
        0.922,
        0.922,
        0.922,
        0.922,
        0.922,
        0.922,
        0.922,
        0.922,
        0.922,
        0.922,
        0.922,
        0.922,
        0.922,
        0.922,
        0.922,
        0.937,
        0.969
      ]
    ],
    "10": [
      [
        0.942,
        0.942,
        0.942,
        0.942,
        0.942,
        0.942,
        0.953
      ],
      [
        0.984,
        0.984
      ],
      [
        0.917,
        0.933,
        0.954
      ],
      [
        0.982,
        0.992
      ],
      [
        0.915,
        0.954
      ]
    ],
    "20": [
      [
        0.998,
        0.998
      ],
      [
        0.998,
        0.998
      ],
      [
        0.995,
        0.995
      ],
      [
        0.999,
        0.999
      ],
      [
        1.0,
        1.0
      ]
    ],
    "30": [
      [
        1.0,
        1.0
      ],
      [
        1.0,
        1.0
      ],
      [
        0.999,
        0.999
      ],
      [
        1.0,
        1.0
      ],
      [
        1.0,
        1.0
      ]
    ],
    "50": [
      [
        1.0,
        1.0
      ],
      [
        1.0,
        1.0
      ],
      [
        1.0,
        1.0
      ],
      [
        1.0,
        1.0
      ],
      [
        1.0,
        1.0
      ]
    ]
  },
  "timestamp": "2025-05-14T18:18:08.968124"
}