{
  "function_class": "MonotoneDisjunction",
  "epsilon": 0.05,
  "tolerance": 0.01,
  "trials": 5,
  "n_values": [
    5,
    10,
    20,
    30,
    50
  ],
  "success_rates": [
    1.0,
    0.8,
    1.0,
    1.0,
    1.0
  ],
  "avg_generations": [
    1.8,
    1.4,
    1.0,
    1.0,
    1.0
  ],
  "avg_times": [
    0.008443260192871093,
    0.012869596481323242,
    0.017580318450927734,
    0.023581933975219727,
    0.03864498138427734
  ],
  "avg_beneficial_mutations": [
    1.8,
    0.8,
    0.2,
    0.0,
    0.0
  ],
  "avg_neutral_mutations": [
    0.0,
    0.0,
    0.0,
    0.0,
    0.0
  ],
  "fitness_histories": {
    "5": [
      [
        0.493,
        0.764,
        0.881,
        1.0
      ],
      [
        0.807,
        0.886,
        1.0
      ],
      [
        0.491,
        1.0
      ],
      [
        0.75,
        0.871,
        1.0
      ],
      [
        0.473,
        1.0
      ]
    ],
    "10": [
      [
        0.977,
        0.977
      ],
      [
        0.98,
        0.98
      ],
      [
        0.968,
        0.968
      ],
      [
        0.853,
        0.946,
        0.961
      ],
      [
        0.833,
        0.912,
        0.953
      ]
    ],
    "20": [
      [
        0.997,
        0.997
      ],
      [
        0.998,
        0.998
      ],
      [
        0.981,
        0.991
      ],
      [
        0.996,
        0.996
      ],
      [
        1.0,
        1.0
      ]
    ],
    "30": [
      [
        1.0,
        1.0
      ],
      [
        1.0,
        1.0
      ],
      [
        1.0,
        1.0
      ],
      [
        1.0,
        1.0
      ],
      [
        1.0,
        1.0
      ]
    ],
    "50": [
      [
        1.0,
        1.0
      ],
      [
        1.0,
        1.0
      ],
      [
        1.0,
        1.0
      ],
      [
        1.0,
        1.0
      ],
      [
        1.0,
        1.0
      ]
    ]
  },
  "timestamp": "2025-05-14T18:18:07.313033"
}