{
  "function_class": "MonotoneConjunction",
  "epsilon": 0.05,
  "tolerance": 0.01,
  "trials": 5,
  "n_values": [
    5,
    10,
    20,
    30,
    50
  ],
  "success_rates": [
    1.0,
    1.0,
    1.0,
    1.0,
    1.0
  ],
  "avg_generations": [
    2.8,
    3.8,
    1.0,
    1.0,
    1.0
  ],
  "avg_times": [
    0.011867475509643555,
    0.025995302200317382,
    0.015836763381958007,
    0.024492359161376952,
    0.03787050247192383
  ],
  "avg_beneficial_mutations": [
    2.8,
    3.0,
    0.2,
    0.0,
    0.0
  ],
  "avg_neutral_mutations": [
    0.0,
    0.8,
    0.8,
    1.0,
    1.0
  ],
  "fitness_histories": {
    "5": [
      [
        0.625,
        0.744,
        0.811,
        0.872,
        1.0
      ],
      [
        0.765,
        0.882,
        1.0
      ],
      [
        0.765,
        0.876,
        0.928,
        0.961
      ],
      [
        0.82,
        0.949,
        1.0
      ],
      [
        0.739,
        0.882,
        0.939,
        1.0
      ]
    ],
    "10": [
      [
        0.916,
        0.944,
        0.97
      ],
      [
        0.854,
        0.872,
        0.896,
        0.896,
        0.896,
        0.896,
        0.896,
        0.907,
        0.947,
        1.0
      ],
      [
        0.723,
        0.754,
        0.773,
        0.806,
        0.829,
        0.895,
        1.0
      ],
      [
        0.937,
        0.957
      ],
      [
        0.95,
        0.966
      ]
    ],
    "20": [
      [
        0.991,
        0.991
      ],
      [
        0.987,
        0.987
      ],
      [
        0.994,
        0.994
      ],
      [
        0.993,
        0.993
      ],
      [
        0.978,
        0.999
      ]
    ],
    "30": [
      [
        1.0,
        1.0
      ],
      [
        0.999,
        0.999
      ],
      [
        0.998,
        0.998
      ],
      [
        0.998,
        0.998
      ],
      [
        0.998,
        0.998
      ]
    ],
    "50": [
      [
        1.0,
        1.0
      ],
      [
        1.0,
        1.0
      ],
      [
        1.0,
        1.0
      ],
      [
        1.0,
        1.0
      ],
      [
        1.0,
        1.0
      ]
    ]
  },
  "timestamp": "2025-05-14T18:23:03.631310"
}