{
  "function_class": "GeneralDisjunction",
  "epsilon": 0.05,
  "tolerance": 0.01,
  "trials": 5,
  "n_values": [
    5,
    10,
    20,
    30,
    50
  ],
  "success_rates": [
    1.0,
    0.6,
    1.0,
    1.0,
    1.0
  ],
  "avg_generations": [
    6.8,
    1.4,
    1.0,
    1.0,
    1.0
  ],
  "avg_times": [
    0.050412988662719725,
    0.024131250381469727,
    0.0356633186340332,
    0.04865102767944336,
    0.0828244686126709
  ],
  "avg_beneficial_mutations": [
    4.0,
    1.2,
    0.0,
    0.0,
    0.0
  ],
  "avg_neutral_mutations": [
    1.6,
    0.2,
    1.0,
    1.0,
    1.0
  ],
  "fitness_histories": {
    "5": [
      [
        0.868,
        0.946,
        1.0
      ],
      [
        0.734,
        0.808,
        0.881,
        1.0
      ],
      [
        0.63,
        0.767,
        0.802,
        0.864,
        1.0
      ],
      [
        0.783,
        0.83,
        0.845,
        0.863,
        0.863,
        0.863,
        0.863,
        0.863,
        0.863,
        0.863,
        0.863,
        0.863,
        0.863,
        0.863,
        0.863,
        0.91,
        0.945,
        1.0
      ],
      [
        0.733,
        0.838,
        0.856,
        0.856,
        0.856,
        0.856,
        0.926,
        0.948,
        1.0
      ]
    ],
    "10": [
      [
        0.953,
        0.967
      ],
      [
        0.923,
        0.955
      ],
      [
        0.962,
        0.986
      ],
      [
        0.941,
        0.966
      ],
      [
        0.903,
        0.938,
        0.938,
        0.951
      ]
    ],
    "20": [
      [
        0.998,
        0.998
      ],
      [
        0.991,
        0.991
      ],
      [
        0.999,
        0.999
      ],
      [
        0.997,
        0.997
      ],
      [
        1.0,
        1.0
      ]
    ],
    "30": [
      [
        1.0,
        1.0
      ],
      [
        1.0,
        1.0
      ],
      [
        1.0,
        1.0
      ],
      [
        1.0,
        1.0
      ],
      [
        1.0,
        1.0
      ]
    ],
    "50": [
      [
        1.0,
        1.0
      ],
      [
        1.0,
        1.0
      ],
      [
        1.0,
        1.0
      ],
      [
        1.0,
        1.0
      ],
      [
        1.0,
        1.0
      ]
    ]
  },
  "timestamp": "2025-05-14T18:23:07.246394"
}