{
  "function_class": "Majority",
  "epsilon": 0.05,
  "tolerance": 0.01,
  "trials": 5,
  "n_values": [
    5,
    10,
    20,
    30,
    50
  ],
  "success_rates": [
    1.0,
    1.0,
    1.0,
    1.0,
    0.4
  ],
  "avg_generations": [
    2.8,
    5.4,
    11.4,
    29.8,
    39.2
  ],
  "avg_times": [
    0.028978300094604493,
    0.11938529014587403,
    0.7596906661987305,
    4.009983539581299,
    14.113596677780151
  ],
  "avg_beneficial_mutations": [
    1.6,
    3.6,
    6.4,
    8.4,
    10.8
  ],
  "avg_neutral_mutations": [
    0.4,
    1.4,
    3.6,
    7.4,
    17.8
  ],
  "fitness_histories": {
    "5": [
      [
        0.817,
        0.831,
        1.0
      ],
      [
        0.789,
        0.809,
        1.0
      ],
      [
        0.835,
        0.835,
        0.835,
        1.0
      ],
      [
        0.827,
        0.827,
        0.827,
        1.0
      ],
      [
        0.83,
        0.83,
        0.83,
        0.84,
        1.0
      ]
    ],
    "10": [
      [
        0.761,
        0.815,
        0.815,
        0.876,
        0.888,
        1.0
      ],
      [
        0.76,
        0.816,
        0.816,
        0.826,
        0.892,
        0.892,
        1.0
      ],
      [
        0.751,
        0.826,
        0.826,
        0.874,
        0.884,
        1.0
      ],
      [
        0.762,
        0.817,
        0.817,
        0.89,
        0.89,
        0.89,
        1.0
      ],
      [
        0.743,
        0.828,
        0.828,
        0.873,
        0.873,
        1.0
      ]
    ],
    "20": [
      [
        0.774,
        0.784,
        0.813,
        0.813,
        0.813,
        0.827,
        0.845,
        0.857,
        0.857,
        0.925,
        0.925,
        0.925,
        1.0
      ],
      [
        0.742,
        0.789,
        0.81,
        0.823,
        0.863,
        0.863,
        0.863,
        0.882,
        0.882,
        0.882,
        0.912,
        0.912,
        1.0
      ],
      [
        0.786,
        0.786,
        0.808,
        0.808,
        0.808,
        0.834,
        0.851,
        0.851,
        0.876,
        0.876,
        0.921,
        0.921,
        1.0
      ],
      [
        0.779,
        0.779,
        0.805,
        0.805,
        0.852,
        0.852,
        0.874,
        0.874,
        0.914,
        0.914,
        0.914,
        1.0
      ],
      [
        0.768,
        0.785,
        0.797,
        0.808,
        0.839,
        0.839,
        0.879,
        0.879,
        0.929,
        0.929,
        1.0
      ]
    ],
    "30": [
      [
        0.726,
        0.809,
        0.809,
        0.809,
        0.809,
        0.809,
        0.809,
        0.809,
        0.809,
        0.809,
        0.809,
        0.809,
        0.809,
        0.809,
        0.809,
        0.809,
        0.809,
        0.809,
        0.809,
        0.809,
        0.809,
        0.809,
        0.809,
        0.809,
        0.809,
        0.809,
        0.809,
        0.809,
        0.809,
        0.809,
        0.809,
        0.809,
        0.809,
        0.842,
        0.842,
        0.842,
        0.852,
        0.852,
        0.865,
        0.865,
        0.899,
        0.899,
        0.937,
        0.937,
        0.937,
        0.937,
        0.937,
        1.0
      ],
      [
        0.754,
        0.789,
        0.801,
        0.801,
        0.811,
        0.839,
        0.839,
        0.855,
        0.855,
        0.855,
        0.868,
        0.868,
        0.893,
        0.893,
        0.928,
        0.941,
        1.0
      ],
      [
        0.748,
        0.803,
        0.803,
        0.818,
        0.818,
        0.836,
        0.836,
        0.848,
        0.848,
        0.879,
        0.879,
        0.879,
        0.901,
        0.913,
        0.935,
        0.935,
        0.935,
        1.0
      ],
      [
        0.732,
        0.79,
        0.79,
        0.805,
        0.805,
        0.837,
        0.837,
        0.837,
        0.837,
        0.837,
        0.837,
        0.837,
        0.859,
        0.859,
        0.859,
        0.879,
        0.879,
        0.879,
        0.879,
        0.879,
        0.879,
        0.879,
        0.879,
        0.879,
        0.906,
        0.906,
        0.932,
        0.932,
        1.0
      ],
      [
        0.776,
        0.788,
        0.788,
        0.807,
        0.807,
        0.829,
        0.842,
        0.842,
        0.842,
        0.866,
        0.866,
        0.916,
        0.916,
        0.916,
        0.916,
        0.916,
        0.916,
        0.916,
        0.916,
        0.916,
        0.916,
        0.916,
        0.916,
        0.916,
        0.916,
        0.916,
        0.916,
        0.916,
        0.916,
        0.916,
        0.916,
        0.916,
        0.916,
        0.916,
        0.916,
        0.916,
        0.916,
        0.942,
        0.942,
        0.942,
        0.942,
        1.0
      ]
    ],