{
  "function_class": "MonotoneDisjunction",
  "epsilon": 0.05,
  "tolerance": 0.01,
  "trials": 5,
  "n_values": [
    5,
    10,
    20,
    30,
    50
  ],
  "success_rates": [
    1.0,
    0.8,
    1.0,
    1.0,
    1.0
  ],
  "avg_generations": [
    2.4,
    2.2,
    1.0,
    1.0,
    1.0
  ],
  "avg_times": [
    0.010617494583129883,
    0.015971660614013672,
    0.016170692443847657,
    0.023453998565673827,
    0.03848032951354981
  ],
  "avg_beneficial_mutations": [
    2.2,
    1.6,
    0.0,
    0.0,
    0.0
  ],
  "avg_neutral_mutations": [
    0.0,
    0.6,
    1.0,
    1.0,
    1.0
  ],
  "fitness_histories": {
    "5": [
      [
        1.0,
        1.0
      ],
      [
        0.886,
        1.0
      ],
      [
        0.676,
        0.762,
        0.776,
        0.805,
        0.88,
        1.0
      ],
      [
        0.508,
        0.582,
        0.649,
        0.778,
        1.0
      ],
      [
        0.876,
        1.0
      ]
    ],
    "10": [
      [
        0.977,
        0.991
      ],
      [
        0.952,
        0.967
      ],
      [
        0.772,
        0.772,
        0.772,
        0.811,
        0.868,
        1.0
      ],
      [
        0.972,
        0.982
      ],
      [
        0.928,
        0.939,
        0.939,
        0.952
      ]
    ],
    "20": [
      [
        0.999,
        0.999
      ],
      [
        1.0,
        1.0
      ],
      [
        0.999,
        0.999
      ],
      [
        0.999,
        0.999
      ],
      [
        0.996,
        0.996
      ]
    ],
    "30": [
      [
        1.0,
        1.0
      ],
      [
        1.0,
        1.0
      ],
      [
        1.0,
        1.0
      ],
      [
        1.0,
        1.0
      ],
      [
        1.0,
        1.0
      ]
    ],
    "50": [
      [
        1.0,
        1.0
      ],
      [
        1.0,
        1.0
      ],
      [
        1.0,
        1.0
      ],
      [
        1.0,
        1.0
      ],
      [
        1.0,
        1.0
      ]
    ]
  },
  "timestamp": "2025-05-14T18:23:04.378798"
}