{
  "function_class": "GeneralConjunction",
  "epsilon": 0.05,
  "tolerance": 0.01,
  "trials": 5,
  "n_values": [
    5,
    10,
    20,
    30,
    50
  ],
  "success_rates": [
    1.0,
    0.6,
    1.0,
    1.0,
    1.0
  ],
  "avg_generations": [
    6.2,
    1.2,
    1.0,
    1.0,
    1.0
  ],
  "avg_times": [
    0.04614434242248535,
    0.020850706100463866,
    0.03473453521728516,
    0.04964714050292969,
    0.08426380157470703
  ],
  "avg_beneficial_mutations": [
    3.4,
    1.0,
    0.0,
    0.0,
    0.0
  ],
  "avg_neutral_mutations": [
    1.0,
    0.2,
    1.0,
    1.0,
    1.0
  ],
  "fitness_histories": {
    "5": [
      [
        0.812,
        0.846,
        0.858,
        0.858,
        0.858,
        0.893,
        0.946,
        1.0
      ],
      [
        0.68,
        0.815,
        0.875,
        1.0
      ],
      [
        0.896,
        0.928,
        0.942,
        1.0
      ],
      [
        0.854,
        0.918,
        0.918,
        0.918,
        0.918,
        0.918,
        0.918,
        0.933,
        0.933,
        0.933,
        0.933,
        0.933,
        0.933,
        0.933,
        0.933,
        0.968
      ],
      [
        0.553,
        0.631,
        0.766,
        1.0
      ]
    ],
    "10": [
      [
        0.962,
        0.973
      ],
      [
        0.933,
        0.955
      ],
      [
        0.958,
        0.971
      ],
      [
        0.924,
        0.935,
        0.953
      ],
      [
        0.962,
        0.962
      ]
    ],
    "20": [
      [
        1.0,
        1.0
      ],
      [
        1.0,
        1.0
      ],
      [
        0.998,
        0.998
      ],
      [
        1.0,
        1.0
      ],
      [
        0.996,
        0.996
      ]
    ],
    "30": [
      [
        1.0,
        1.0
      ],
      [
        1.0,
        1.0
      ],
      [
        1.0,
        1.0
      ],
      [
        1.0,
        1.0
      ],
      [
        1.0,
        1.0
      ]
    ],
    "50": [
      [
        1.0,
        1.0
      ],
      [
        1.0,
        1.0
      ],
      [
        1.0,
        1.0
      ],
      [
        1.0,
        1.0
      ],
      [
        1.0,
        1.0
      ]
    ]
  },
  "timestamp": "2025-05-14T18:23:05.787271"
}