{
  "function_class": "MonotoneDisjunction",
  "epsilon": 0.05,
  "tolerance": 0.01,
  "trials": 5,
  "n_values": [
    5,
    10,
    20,
    30,
    50
  ],
  "success_rates": [
    1.0,
    0.8,
    1.0,
    1.0,
    1.0
  ],
  "avg_generations": [
    1.8,
    9.0,
    1.0,
    1.0,
    1.0
  ],
  "avg_times": [
    0.00816035270690918,
    0.05679478645324707,
    0.016299724578857422,
    0.023444271087646483,
    0.03843522071838379
  ],
  "avg_beneficial_mutations": [
    1.8,
    3.2,
    0.0,
    0.0,
    0.0
  ],
  "avg_neutral_mutations": [
    0.0,
    2.4,
    1.0,
    1.0,
    1.0
  ],
  "fitness_histories": {
    "5": [
      [
        0.653,
        0.761,
        1.0
      ],
      [
        0.76,
        1.0
      ],
      [
        0.834,
        0.941,
        1.0
      ],
      [
        0.938,
        1.0
      ],
      [
        0.551,
        0.635,
        0.769,
        1.0
      ]
    ],
    "10": [
      [
        0.734,
        0.885,
        0.939,
        0.953
      ],
      [
        0.875,
        0.909,
        0.94,
        1.0
      ],
      [
        0.533,
        0.589,
        0.621,
        0.752,
        1.0
      ],
      [
        0.82,
        0.866,
        0.866,
        0.899,
        0.899,
        0.899,
        0.899,
        0.899,
        0.899,
        0.899,
        0.899,
        0.899,
        0.899,
        0.899,
        0.899,
        0.899,
        0.899,
        0.899,
        0.899,
        0.899,
        0.899,
        0.899,
        0.899,
        0.899,
        0.899,
        0.899,
        0.899,
        0.899,
        0.899,
        0.899,
        0.899,
        0.912,
        0.912,
        0.948,
        1.0
      ],
      [
        0.949,
        0.976
      ]
    ],
    "20": [
      [
        0.97,
        0.97
      ],
      [
        0.997,
        0.997
      ],
      [
        0.995,
        0.995
      ],
      [
        0.996,
        0.996
      ],
      [
        0.989,
        0.989
      ]
    ],
    "30": [
      [
        1.0,
        1.0
      ],
      [
        1.0,
        1.0
      ],
      [
        1.0,
        1.0
      ],
      [
        1.0,
        1.0
      ],
      [
        0.998,
        0.998
      ]
    ],
    "50": [
      [
        1.0,
        1.0
      ],
      [
        1.0,
        1.0
      ],
      [
        1.0,
        1.0
      ],
      [
        1.0,
        1.0
      ],
      [
        1.0,
        1.0
      ]
    ]
  },
  "timestamp": "2025-05-14T18:03:39.402411"
}