{
  "function_class": "MonotoneConjunction",
  "epsilon": 0.05,
  "tolerance": 0.01,
  "trials": 5,
  "n_values": [
    5,
    10,
    20,
    30,
    50
  ],
  "success_rates": [
    1.0,
    0.6,
    1.0,
    1.0,
    1.0
  ],
  "avg_generations": [
    1.8,
    2.2,
    1.0,
    1.0,
    1.0
  ],
  "avg_times": [
    0.008977651596069336,
    0.016771507263183594,
    0.015973472595214845,
    0.022503089904785157,
    0.03860692977905274
  ],
  "avg_beneficial_mutations": [
    1.8,
    1.4,
    0.0,
    0.0,
    0.0
  ],
  "avg_neutral_mutations": [
    0.0,
    0.8,
    1.0,
    1.0,
    1.0
  ],
  "fitness_histories": {
    "5": [
      [
        0.882,
        1.0
      ],
      [
        0.726,
        0.894,
        0.942,
        1.0
      ],
      [
        0.783,
        0.876,
        1.0
      ],
      [
        0.725,
        1.0
      ],
      [
        0.634,
        0.761,
        1.0
      ]
    ],
    "10": [
      [
        0.743,
        0.878,
        0.948,
        0.974
      ],
      [
        0.991,
        0.991
      ],
      [
        0.883,
        0.936,
        0.936,
        0.936,
        0.936,
        0.951
      ],
      [
        0.977,
        0.989
      ],
      [
        0.938,
        0.95
      ]
    ],
    "20": [
      [
        0.999,
        0.999
      ],
      [
        0.999,
        0.999
      ],
      [
        0.996,
        0.996
      ],
      [
        1.0,
        1.0
      ],
      [
        0.998,
        0.998
      ]
    ],
    "30": [
      [
        1.0,
        1.0
      ],
      [
        1.0,
        1.0
      ],
      [
        1.0,
        1.0
      ],
      [
        1.0,
        1.0
      ],
      [
        1.0,
        1.0
      ]
    ],
    "50": [
      [
        1.0,
        1.0
      ],
      [
        1.0,
        1.0
      ],
      [
        1.0,
        1.0
      ],
      [
        1.0,
        1.0
      ],
      [
        1.0,
        1.0
      ]
    ]
  },
  "timestamp": "2025-05-14T18:03:37.503067"
}