{
  "function_class": "GeneralDisjunction",
  "epsilon": 0.05,
  "tolerance": 0.01,
  "trials": 5,
  "n_values": [
    5,
    10,
    20,
    30,
    50
  ],
  "success_rates": [
    1.0,
    0.4,
    1.0,
    1.0,
    1.0
  ],
  "avg_generations": [
    3.8,
    58.0,
    1.0,
    1.0,
    1.0
  ],
  "avg_times": [
    0.029859590530395507,
    0.799486494064331,
    0.03331413269042969,
    0.04923553466796875,
    0.08433446884155274
  ],
  "avg_beneficial_mutations": [
    3.2,
    2.4,
    0.0,
    0.0,
    0.0
  ],
  "avg_neutral_mutations": [
    0.6,
    12.2,
    1.0,
    1.0,
    1.0
  ],
  "fitness_histories": {
    "5": [
      [
        0.748,
        0.789,
        0.887,
        1.0
      ],
      [
        0.49,
        0.758,
        1.0
      ],
      [
        0.642,
        0.796,
        0.864,
        0.937,
        1.0
      ],
      [
        0.488,
        0.76,
        1.0
      ],
      [
        0.812,
        0.826,
        0.852,
        0.852,
        0.852,
        0.852,
        0.905,
        0.931,
        1.0
      ]
    ],
    "10": [
      [
        0.854,
        0.875,
        0.875,
        0.875,
        0.889,
        0.889,
        0.889,
        0.889,
        0.889,
        0.889,
        0.902,
        0.902,
        0.902,
        0.902,
        0.902,
        0.902,
        0.902,
        0.902,
        0.902,
        0.902,
        0.902,
        0.902,
        0.902,
        0.902,
        0.902,
        0.902,
        0.902,
        0.902,
        0.902,
        0.902,
        0.902,
        0.902,
        0.902,
        0.902,
        0.902,
        0.902,
        0.902,
        0.902,
        0.902,
        0.902,
        0.902,
        0.902,
        0.902,
        0.902,
        0.902,
        0.902,
        0.902,
        0.902,
        0.902,
        0.902,
        0.902,
        0.902,
        0.902,
        0.902,
        0.902,
        0.902,
        0.902,
        0.902,
        0.902,
        0.902,
        0.902,
        0.902,
        0.902,
        0.902,
        0.902,
        0.902,
        0.902,
        0.902,
        0.902,
        0.902,
        0.902,
        0.902,
        0.902,
        0.902,
        0.902,
        0.902,
        0.902,
        0.902,
        0.902,
        0.902,
        0.902,
        0.902,
        0.902,
        0.902,
        0.902,
        0.902,
        0.902,
        0.902,
        0.902,
        0.902,
        0.902,
        0.902,
        0.902,
        0.902,
        0.902,
        0.902,
        0.902,
        0.902,
        0.902,
        0.902,
        0.902,
        0.902,
        0.902,
        0.902,
        0.914,
        0.914,
        0.914,
        0.914,
        0.914,
        0.914,
        0.914,
        0.914,
        0.914,
        0.914,
        0.914,
        0.914,
        0.914,
        0.914,
        0.914,
        0.914,
        0.914,
        0.914,
        0.914,
        0.914,
        0.914,
        0.914,
        0.914,
        0.914,
        0.914,
        0.914,
        0.914,
        0.914,
        0.914,
        0.914,
        0.914,
        0.914,
        0.914,
        0.914,
        0.914,
        0.914,
        0.914,
        0.914,
        0.914,
        0.914,
        0.914,
        0.914,
        0.914,
        0.914,
        0.914,
        0.914,
        0.914,
        0.914,
        0.914,
        0.914,
        0.914,
        0.914,
        0.914,
        0.914,
        0.914,
        0.914,
        0.914,
        0.914,
        0.914,
        0.914,
        0.914,
        0.914,
        0.914,
        0.914,
        0.914,
        0.914,
        0.914,
        0.914,
        0.914,
        0.914,
        0.914,
        0.914,
        0.914,
        0.914,
        0.914,
        0.914,
        0.914,
        0.914,
        0.914,
        0.914,
        0.914,
        0.914,
        0.914,
        0.914,
        0.914,
        0.914,
        0.914,
        0.914,
        0.914,
        0.914,
        0.914,
        0.914,
        0.914,
        0.914,
        0.914,
        0.914,
        0.914,
        0.914,
        0.914,
        0.914,
        0.914,
        0.914,
        0.914,
        0.914,
        0.914,
        0.914,
        0.914,
        0.914,
        0.914,
        0.914,
        0.914,
        0.914,
        0.914,
        0.914,
        0.914,
        0.914,
        0.914,
        0.914,
        0.914,
        0.914,
        0.914,
        0.914,
        0.914,
        0.914,
        0.914,
        0.914,
        0.914,
        0.914,
        0.914,
        0.914,
        0.914,
        0.914,
        0.914,
        0.914,
        0.914,
        0.914,
        0.914,
        0.914,
        0.914,
        0.914,
        0.914,
        0.914,
        0.914,
        0.914,
        0.914,
        0.914,
        0.914,
        0.914,
        0.914,
        0.914,
        0.914,
        0.914,
        0.914,
        0.914,
        0.914,
        0.914,
        0.914,
        0.914,
        0.914,
        0.914
      ],
      [
        0.951,
        0.983
      ],
      [
        0.98,
        0.99
      ],
      [
        0.898,
        0.934,
        0.945,
        0.945,
        0.945,
        0.945,
        0.945,
        0.945,
        0.945,
        0.945,
        0.945,
        0.945,
        0.945,
        0.945,
        0.945,
        0.945,
        0.945,
        0.945,
        0.945,
        0.945,
        0.956
      ],
      [
        0.867,
        0.926,
        0.926,
        0.94,
        0.95
      ]
    ],
    "20": [
      [
        0.996,
        0.996
      ],
      [
        0.993,
        0.993
      ],
      [
        0.998,
        0.998
      ],
      [
        1.0,
        1.0
      ],
      [
        0.997,
        0.997
      ]
    ],
    "30": [
      [
        1.0,
        1.0
      ],
      [
        1.0,
        1.0
      ],
      [
        1.0,
        1.0
      ],
      [
        1.0,
        1.0
      ],
      [
        1.0,
        1.0
      ]
    ],
    "50": [
      [
        1.0,
        1.0
      ],
      [
        1.0,
        1.0
      ],
      [
        1.0,
        1.0
      ],
      [
        1.0,
        1.0
      ],
      [
        1.0,
        1.0
      ]
    ]
  },
  "timestamp": "2025-05-14T18:03:50.155622"
}