{
  "function_class": "GeneralConjunction",
  "epsilon": 0.05,
  "tolerance": 0.01,
  "trials": 5,
  "n_values": [
    5,
    10,
    20,
    30,
    50
  ],
  "success_rates": [
    1.0,
    0.8,
    1.0,
    1.0,
    1.0
  ],
  "avg_generations": [
    10.2,
    34.4,
    1.0,
    1.0,
    1.0
  ],
  "avg_times": [
    0.07096190452575683,
    0.4873947620391846,
    0.03394260406494141,
    0.0582636833190918,
    0.08295974731445313
  ],
  "avg_beneficial_mutations": [
    3.8,
    2.0,
    0.0,
    0.0,
    0.0
  ],
  "avg_neutral_mutations": [
    4.2,
    12.2,
    1.0,
    1.0,
    1.0
  ],
  "fitness_histories": {
    "5": [
      [
        0.367,
        0.616,
        0.758,
        1.0
      ],
      [
        0.74,
        0.827,
        0.841,
        0.854,
        0.854,
        0.854,
        0.854,
        0.904,
        0.944,
        1.0
      ],
      [
        0.705,
        0.83,
        0.88,
        0.9,
        0.92,
        0.92,
        0.92,
        0.92,
        0.92,
        0.92,
        0.92,
        0.92,
        0.92,
        0.92,
        0.92,
        0.92,
        0.92,
        0.92,
        0.92,
        0.92,
        0.92,
        0.92,
        0.92,
        0.92,
        0.92,
        0.92,
        0.92,
        0.92,
        0.92,
        0.92,
        0.92,
        0.92,
        0.92,
        0.92,
        0.967
      ],
      [
        0.782,
        0.878,
        0.935,
        1.0
      ],
      [
        0.629,
        0.77,
        1.0
      ]
    ],
    "10": [
      [
        0.845,
        0.933,
        0.963
      ],
      [
        0.914,
        0.96
      ],
      [
        0.959,
        0.971
      ],
      [
        0.753,
        0.843,
        0.859,
        0.882,
        0.882,
        0.882,
        0.882,
        0.882,
        0.893,
        0.893,
        0.893,
        0.893,
        0.893,
        0.893,
        0.893,
        0.893,
        0.893,
        0.893,
        0.893,
        0.893,
        0.893,
        0.893,
        0.893,
        0.893,
        0.893,
        0.893,
        0.893,
        0.893,
        0.893,
        0.893,
        0.893,
        0.893,
        0.893,
        0.893,
        0.893,
        0.893,
        0.893,
        0.893,
        0.893,
        0.893,
        0.893,
        0.893,
        0.893,
        0.893,
        0.893,
        0.893,
        0.893,
        0.893,
        0.893,
        0.893,
        0.893,
        0.893,
        0.893,
        0.893,
        0.893,
        0.893,
        0.893,
        0.893,
        0.893,
        0.893,
        0.893,
        0.893,
        0.893,
        0.893,
        0.893,
        0.893,
        0.893,
        0.893,
        0.893,
        0.893,
        0.893,
        0.893,
        0.893,
        0.893,
        0.893,
        0.893,
        0.893,
        0.908,
        0.908,
        0.908,
        0.908,
        0.908,
        0.908,
        0.908,
        0.908,
        0.908,
        0.908,
        0.908,
        0.908,
        0.908,
        0.908,
        0.908,
        0.908,
        0.908,
        0.908,
        0.908,
        0.908,
        0.908,
        0.908,
        0.908,
        0.908,
        0.908,
        0.908,
        0.908,
        0.908,
        0.908,
        0.908,
        0.908,
        0.908,
        0.908,
        0.908,
        0.908,
        0.908,
        0.908,
        0.908,
        0.908,
        0.908,
        0.908,
        0.908,
        0.908,
        0.908,
        0.908,
        0.908,
        0.908,
        0.908,
        0.908,
        0.908,
        0.908,
        0.908,
        0.908,
        0.908,
        0.908,
        0.908,
        0.908,
        0.908,
        0.908,
        0.908,
        0.908,
        0.908,
        0.908,
        0.908,
        0.908,
        0.908,
        0.908,
        0.908,
        0.908,
        0.908,
        0.908,
        0.908,
        0.908,
        0.908,
        0.908,
        0.908,
        0.908,
        0.908,
        0.908,
        0.908,
        0.908,
        0.908,
        0.908,
        0.908,
        0.908,
        0.908,
        0.908,
        0.908,
        0.908,
        0.908
      ],
      [
        0.955,
        0.967
      ]
    ],
    "20": [
      [
        1.0,
        1.0
      ],
      [
        0.999,
        0.999
      ],
      [
        0.991,
        0.991
      ],
      [
        1.0,
        1.0
      ],
      [
        0.992,
        0.992
      ]
    ],
    "30": [
      [
        1.0,
        1.0
      ],
      [
        1.0,
        1.0
      ],
      [
        1.0,
        1.0
      ],
      [
        1.0,
        1.0
      ],
      [
        1.0,
        1.0
      ]
    ],
    "50": [
      [
        1.0,
        1.0
      ],
      [
        1.0,
        1.0
      ],
      [
        1.0,
        1.0
      ],
      [
        1.0,
        1.0
      ],
      [
        1.0,
        1.0
      ]
    ]
  },
  "timestamp": "2025-05-14T18:03:44.114266"
}