{
  "function_class": "Majority",
  "epsilon": 0.05,
  "tolerance": 0.01,
  "trials": 5,
  "n_values": [
    5,
    10,
    20,
    30,
    50
  ],
  "success_rates": [
    1.0,
    1.0,
    1.0,
    1.0,
    0.6
  ],
  "avg_generations": [
    4.0,
    14.4,
    15.4,
    19.6,
    39.0
  ],
  "avg_times": [
    0.035634088516235354,
    0.2944777965545654,
    1.0154198169708253,
    2.6108458042144775,
    13.20314645767212
  ],
  "avg_beneficial_mutations": [
    1.2,
    3.4,
    6.6,
    8.8,
    10.6
  ],
  "avg_neutral_mutations": [
    1.0,
    1.6,
    4.4,
    6.2,
    14.4
  ],
  "fitness_histories": {
    "5": [
      [
        0.814,
        0.814,
        1.0
      ],
      [
        0.833,
        1.0
      ],
      [
        0.821,
        0.821,
        1.0
      ],
      [
        0.693,
        0.693,
        0.841,
        0.841,
        0.841,
        0.841,
        0.841,
        0.841,
        0.841,
        0.841,
        0.841,
        0.841,
        1.0
      ],
      [
        0.811,
        0.811,
        0.811,
        1.0
      ]
    ],
    "10": [
      [
        0.658,
        0.761,
        0.761,
        0.825,
        0.825,
        0.882,
        0.882,
        1.0
      ],
      [
        0.696,
        0.76,
        0.771,
        0.843,
        0.843,
        0.843,
        0.843,
        0.843,
        0.843,
        0.843,
        0.843,
        0.843,
        0.843,
        0.843,
        0.843,
        0.843,
        0.843,
        0.843,
        0.843,
        0.843,
        0.843,
        0.843,
        0.843,
        0.843,
        0.843,
        0.843,
        0.843,
        0.843,
        0.843,
        0.843,
        0.865,
        0.888,
        1.0
      ],
      [
        0.822,
        0.883,
        0.883,
        1.0
      ],
      [
        0.807,
        0.877,
        0.877,
        1.0
      ],
      [
        0.752,
        0.82,
        0.82,
        0.898,
        0.898,
        0.898,
        0.898,
        0.898,
        0.898,
        0.898,
        0.898,
        0.898,
        0.898,
        0.898,
        0.898,
        0.898,
        0.898,
        0.898,
        0.898,
        0.898,
        0.898,
        0.898,
        0.898,
        0.898,
        0.898,
        0.898,
        0.898,
        1.0
      ]
    ],
    "20": [
      [
        0.778,
        0.796,
        0.796,
        0.812,
        0.832,
        0.853,
        0.872,
        0.872,
        0.872,
        0.902,
        0.918,
        1.0
      ],
      [
        0.707,
        0.759,
        0.759,
        0.79,
        0.79,
        0.82,
        0.82,
        0.852,
        0.852,
        0.876,
        0.876,
        0.92,
        0.92,
        0.92,
        0.92,
        0.92,
        0.92,
        1.0
      ],
      [
        0.711,
        0.787,
        0.787,
        0.787,
        0.787,
        0.812,
        0.812,
        0.828,
        0.828,
        0.852,
        0.852,
        0.852,
        0.886,
        0.886,
        0.913,
        0.913,
        1.0
      ],
      [
        0.825,
        0.862,
        0.885,
        0.885,
        0.885,
        0.885,
        0.933,
        0.933,
        0.933,
        0.933,
        0.933,
        0.933,
        0.933,
        0.933,
        0.933,
        0.933,
        0.933,
        0.933,
        1.0
      ],
      [
        0.705,
        0.756,
        0.756,
        0.776,
        0.776,
        0.822,
        0.822,
        0.837,
        0.837,
        0.876,
        0.876,
        0.876,
        0.912,
        0.912,
        0.912,
        1.0
      ]
    ],
    "30": [
      [
        0.71,
        0.742,
        0.763,
        0.763,
        0.798,
        0.798,
        0.814,
        0.814,
        0.814,
        0.814,
        0.835,
        0.854,
        0.854,
        0.865,
        0.865,
        0.899,
        0.899,
        0.926,
        0.926,
        1.0
      ],
      [
        0.705,
        0.777,
        0.777,
        0.777,
        0.777,
        0.777,
        0.788,
        0.81,
        0.81,
        0.81,
        0.823,
        0.834,
        0.834,
        0.847,
        0.858,
        0.879,
        0.879,
        0.902,
        0.902,
        0.928,
        0.928,
        1.0
      ],
      [
        0.779,
        0.809,
        0.82,
        0.845,
        0.845,
        0.845,
        0.845,
        0.845,
        0.86,
        0.887,
        0.887,
        0.887,
        0.887,
        0.9,
        0.93,
        0.93,
        0.93,
        0.93,
        1.0
      ],
      [
        0.79,
        0.835,
        0.835,
        0.861,
        0.861,
        0.861,
        0.876,
        0.876,
        0.9,
        0.9,
        0.934,
        0.934,
        0.934,
        1.0
      ],
      [
        0.775,
        0.793,
        0.827,
        0.827,
        0.827,
        0.827,
        0.827,
        0.827,
        0.827,
        0.827,
        0.827,
        0.827,
        0.827,
        0.827,
        0.827,
        0.827,
        0.827,
        0.841,
        0.841,
        0.841,
        0.857,
        0.87,
        0.87,
        0.906,
        0.906,
        0.921,
        0.939,
        1.0
      ]
    ],