{
  "function_class": "GeneralDisjunction",
  "distribution": "beta",
  "dist_name": "beta",
  "bias": null,
  "epsilon": 0.05,
  "tolerance": 0.01,
  "trials": 5,
  "n_values": [
    5,
    10,
    20,
    30,
    50
  ],
  "success_rates": [
    1.0,
    1.0,
    1.0,
    1.0,
    1.0
  ],
  "avg_generations": [
    5.4,
    2.0,
    1.0,
    1.0,
    1.0
  ],
  "avg_times": [
    0.20097918510437013,
    0.152771520614624,
    0.14946813583374025,
    0.23288912773132325,
    0.3585824012756348
  ],
  "avg_beneficial_mutations": [
    4.4,
    2.0,
    0.0,
    0.0,
    0.0
  ],
  "avg_neutral_mutations": [
    0.2,
    0.0,
    1.0,
    1.0,
    1.0
  ],
  "fitness_histories": {
    "5": [
      [
        0.321,
        0.579,
        0.685,
        0.833,
        1.0
      ],
      [
        0.756,
        0.81,
        0.846,
        0.846,
        0.846,
        0.846,
        0.846,
        0.846,
        0.868,
        0.892,
        0.905,
        0.947,
        1.0
      ],
      [
        0.802,
        0.845,
        0.906,
        1.0
      ],
      [
        0.665,
        0.831,
        0.893,
        1.0
      ],
      [
        0.674,
        0.836,
        0.86,
        0.888,
        0.917,
        0.957
      ]
    ],
    "10": [
      [
        0.986,
        0.997
      ],
      [
        0.897,
        0.962
      ],
      [
        0.908,
        0.944,
        1.0
      ],
      [
        0.959,
        0.98
      ],
      [
        0.619,
        0.776,
        0.82,
        0.851,
        0.916,
        1.0
      ]
    ],
    "20": [
      [
        1.0,
        1.0
      ],
      [
        0.998,
        0.998
      ],
      [
        0.998,
        0.998
      ],
      [
        1.0,
        1.0
      ],
      [
        0.999,
        0.999
      ]
    ],
    "30": [
      [
        1.0,
        1.0
      ],
      [
        1.0,
        1.0
      ],
      [
        0.999,
        0.999
      ],
      [
        1.0,
        1.0
      ],
      [
        1.0,
        1.0
      ]
    ],
    "50": [
      [
        1.0,
        1.0
      ],
      [
        1.0,
        1.0
      ],
      [
        1.0,
        1.0
      ],
      [
        1.0,
        1.0
      ],
      [
        1.0,
        1.0
      ]
    ]
  },
  "timestamp": "2025-05-14T17:55:06.253056"
}