{
  "function_class": "GeneralConjunction",
  "distribution": "beta",
  "dist_name": "beta",
  "bias": null,
  "epsilon": 0.05,
  "tolerance": 0.01,
  "trials": 5,
  "n_values": [
    5,
    10,
    20,
    30,
    50
  ],
  "success_rates": [
    1.0,
    1.0,
    1.0,
    1.0,
    1.0
  ],
  "avg_generations": [
    2.6,
    17.4,
    1.0,
    1.0,
    1.0
  ],
  "avg_times": [
    0.09736695289611816,
    1.1271173477172851,
    0.14937782287597656,
    0.21794624328613282,
    0.3626603603363037
  ],
  "avg_beneficial_mutations": [
    2.6,
    2.0,
    0.0,
    0.0,
    0.0
  ],
  "avg_neutral_mutations": [
    0.0,
    6.8,
    1.0,
    1.0,
    1.0
  ],
  "fitness_histories": {
    "5": [
      [
        0.798,
        0.907,
        1.0
      ],
      [
        0.779,
        0.895,
        0.939,
        1.0
      ],
      [
        0.052,
        0.175,
        0.72,
        1.0
      ],
      [
        0.905,
        0.945,
        0.959
      ],
      [
        0.778,
        0.876,
        0.898,
        0.958
      ]
    ],
    "10": [
      [
        0.975,
        0.988
      ],
      [
        0.829,
        0.84,
        0.84,
        0.84,
        0.85,
        0.85,
        0.85,
        0.85,
        0.85,
        0.85,
        0.85,
        0.85,
        0.85,
        0.85,
        0.85,
        0.85,
        0.85,
        0.85,
        0.85,
        0.85,
        0.85,
        0.85,
        0.85,
        0.85,
        0.85,
        0.85,
        0.85,
        0.85,
        0.85,
        0.85,
        0.85,
        0.85,
        0.85,
        0.85,
        0.85,
        0.85,
        0.85,
        0.85,
        0.85,
        0.85,
        0.85,
        0.85,
        0.85,
        0.85,
        0.85,
        0.85,
        0.85,
        0.85,
        0.85,
        0.85,
        0.85,
        0.85,
        0.85,
        0.85,
        0.85,
        0.85,
        0.85,
        0.85,
        0.85,
        0.85,
        0.85,
        0.85,
        0.85,
        0.85,
        0.85,
        0.85,
        0.85,
        0.85,
        0.85,
        0.85,
        0.85,
        0.85,
        0.85,
        0.85,
        0.85,
        0.85,
        0.85,
        0.85,
        0.873,
        0.873,
        0.897,
        0.914,
        0.935,
        1.0
      ],
      [
        0.987,
        0.998
      ],
      [
        0.982,
        0.982
      ],
      [
        0.946,
        0.988
      ]
    ],
    "20": [
      [
        0.994,
        0.994
      ],
      [
        0.995,
        0.995
      ],
      [
        1.0,
        1.0
      ],
      [
        1.0,
        1.0
      ],
      [
        0.998,
        0.998
      ]
    ],
    "30": [
      [
        1.0,
        1.0
      ],
      [
        1.0,
        1.0
      ],
      [
        1.0,
        1.0
      ],
      [
        1.0,
        1.0
      ],
      [
        1.0,
        1.0
      ]
    ],
    "50": [
      [
        1.0,
        1.0
      ],
      [
        1.0,
        1.0
      ],
      [
        1.0,
        1.0
      ],
      [
        1.0,
        1.0
      ],
      [
        1.0,
        1.0
      ]
    ]
  },
  "timestamp": "2025-05-14T17:55:00.522685"
}