{
  "function_class": "Majority",
  "distribution": "beta",
  "dist_name": "beta",
  "bias": null,
  "epsilon": 0.05,
  "tolerance": 0.01,
  "trials": 5,
  "n_values": [
    5,
    10,
    20,
    30,
    50
  ],
  "success_rates": [
    0.8,
    0.8,
    0.4,
    0.2,
    0.4
  ],
  "avg_generations": [
    21.2,
    4.0,
    5.6,
    4.0,
    1.0
  ],
  "avg_times": [
    0.4376528739929199,
    0.20923795700073242,
    0.6846055507659912,
    0.899202537536621,
    0.5386821746826171
  ],
  "avg_beneficial_mutations": [
    1.2,
    3.2,
    3.0,
    1.8,
    0.8
  ],
  "avg_neutral_mutations": [
    0.4,
    0.8,
    2.4,
    2.0,
    0.2
  ],
  "fitness_histories": {
    "5": [
      [
        0.702,
        0.892,
        0.892,
        0.892,
        0.892,
        0.892,
        0.892,
        0.892,
        0.892,
        0.892,
        0.892,
        0.892,
        0.892,
        0.892,
        0.892,
        0.892,
        0.892,
        0.892,
        0.892,
        0.892,
        0.892,
        0.892,
        0.892,
        0.892,
        0.892,
        0.892,
        0.892,
        1.0
      ],
      [
        0.71,
        0.907,
        0.907,
        0.907,
        0.907,
        0.907,
        0.907,
        0.907,
        0.907,
        0.907,
        0.907,
        0.907,
        0.907,
        0.907,
        0.907,
        0.907,
        0.907,
        0.907,
        0.907,
        0.907,
        0.907,
        0.907,
        0.907,
        0.907,
        0.907,
        0.907,
        0.907,
        0.907,
        0.907,
        0.907,
        0.907,
        0.907,
        0.907,
        0.907,
        0.907,
        0.907,
        0.907,
        0.907,
        0.907,
        0.907,
        0.907,
        0.907,
        0.907,
        0.907,
        0.907,
        0.907,
        0.907,
        0.907,
        0.907,
        0.907,
        0.907
      ],
      [
        0.885,
        0.885,
        0.885,
        0.885,
        0.885,
        0.885,
        0.885,
        0.885,
        0.885,
        0.885,
        0.885,
        0.885,
        0.885,
        0.885,
        0.885,
        0.885,
        0.885,
        0.885,
        0.885,
        0.885,
        0.885,
        0.885,
        0.885,
        0.885,
        0.885,
        0.885,
        1.0
      ],
      [
        0.868,
        1.0
      ],
      [
        0.87,
        1.0
      ]
    ],
    "10": [
      [
        0.869,
        0.881,
        0.923,
        0.937,
        0.954
      ],
      [
        0.892,
        0.907,
        0.925,
        0.949,
        0.949,
        1.0
      ],
      [
        0.84,
        0.84,
        0.903,
        0.903,
        0.918,
        0.938,
        0.953
      ],
      [
        0.871,
        0.934,
        0.956
      ],
      [
        0.925,
        0.943,
        0.943,
        1.0
      ]
    ],
    "20": [
      [
        0.862,
        0.918,
        0.918,
        0.934,
        0.934,
        0.951
      ],
      [
        0.876,
        0.923,
        0.923,
        0.923,
        0.923,
        0.923,
        0.949,
        0.949,
        0.965
      ],
      [
        0.922,
        0.933,
        0.933,
        0.944,
        0.955
      ],
      [
        0.833,
        0.892,
        0.892,
        0.922,
        0.922,
        0.935,
        0.935,
        0.946,
        0.946,
        0.959
      ],
      [
        0.942,
        0.942,
        0.955
      ]
    ],
    "30": [
      [
        0.945,
        0.945,
        0.955
      ],
      [
        0.925,
        0.942,
        0.955
      ],
      [
        0.912,
        0.944,
        0.944,
        0.956
      ],
      [
        0.893,
        0.939,
        0.939,
        0.939,
        0.939,
        0.939,
        0.939,
        0.949,
        0.949,
        0.949,
        0.949,
        0.949,
        0.961
      ],
      [
        0.924,
        0.951
      ]
    ],
    "50": [
      [
        0.926,
        0.951
      ],
      [
        0.949,
        0.96
      ],
      [
        0.963,
        0.963
      ],
      [
        0.936,
        0.964
      ],
      [
        0.946,
        0.956
      ]
    ]
  },
  "timestamp": "2025-05-14T17:55:20.349590"
}