{
  "function_class": "MonotoneDisjunction",
  "distribution": "beta",
  "dist_name": "beta",
  "bias": null,
  "epsilon": 0.05,
  "tolerance": 0.01,
  "trials": 5,
  "n_values": [
    5,
    10,
    20,
    30,
    50
  ],
  "success_rates": [
    0.8,
    0.8,
    0.4,
    0.2,
    1.0
  ],
  "avg_generations": [
    3.0,
    3.8,
    9.4,
    22.6,
    1.0
  ],
  "avg_times": [
    0.07016396522521973,
    0.1391129970550537,
    0.646229600906372,
    2.359256076812744,
    0.20451855659484863
  ],
  "avg_beneficial_mutations": [
    3.0,
    3.6,
    4.8,
    2.4,
    0.8
  ],
  "avg_neutral_mutations": [
    0.0,
    0.2,
    3.6,
    4.8,
    0.2
  ],
  "fitness_histories": {
    "5": [
      [
        0.395,
        0.553,
        0.734,
        1.0
      ],
      [
        0.538,
        0.616,
        0.713,
        0.826,
        1.0
      ],
      [
        0.8,
        0.875,
        0.953
      ],
      [
        0.573,
        0.733,
        1.0
      ],
      [
        0.706,
        0.821,
        0.85,
        0.916,
        1.0
      ]
    ],
    "10": [
      [
        0.721,
        0.815,
        0.815,
        0.866,
        0.888,
        0.93,
        1.0
      ],
      [
        0.884,
        0.957
      ],
      [
        0.794,
        0.892,
        0.96
      ],
      [
        0.694,
        0.784,
        0.814,
        0.858,
        0.92,
        1.0
      ],
      [
        0.687,
        0.757,
        0.815,
        0.861,
        0.921,
        1.0
      ]
    ],
    "20": [
      [
        0.896,
        0.917,
        0.917,
        0.917,
        0.917,
        0.917,
        0.917,
        0.94,
        0.94,
        0.953
      ],
      [
        0.906,
        0.938,
        0.938,
        0.95
      ],
      [
        0.896,
        0.896,
        0.913,
        0.923,
        0.923,
        0.923,
        0.923,
        0.934,
        0.934,
        0.95
      ],
      [
        0.721,
        0.738,
        0.749,
        0.759,
        0.759,
        0.759,
        0.759,
        0.759,
        0.773,
        0.794,
        0.794,
        0.794,
        0.794,
        0.815,
        0.815,
        0.841,
        0.862,
        0.899,
        0.945,
        1.0
      ],
      [
        0.872,
        0.894,
        0.917,
        0.935,
        0.935,
        0.935,
        0.935,
        0.958
      ]
    ],
    "30": [
      [
        0.937,
        0.956
      ],
      [
        0.912,
        0.933,
        0.948,
        0.948,
        0.948,
        0.958
      ],
      [
        0.862,
        0.881,
        0.881,
        0.894,
        0.894,
        0.894,
        0.894,
        0.894,
        0.894,
        0.916,
        0.916,
        0.916,
        0.916,
        0.916,
        0.916,
        0.916,
        0.916,
        0.916,
        0.916,
        0.916,
        0.916,
        0.916,
        0.916,
        0.916,
        0.916,
        0.916,
        0.916,
        0.916,
        0.916,
        0.916,
        0.916,
        0.916,
        0.916,
        0.916,
        0.916,
        0.916,
        0.916,
        0.916,
        0.916,
        0.916,
        0.916,
        0.916,
        0.916,
        0.916,
        0.916,
        0.916,
        0.916,
        0.916,
        0.916,
        0.916,
        0.916,
        0.916,
        0.916,
        0.916,
        0.916,
        0.916,
        0.916,
        0.916,
        0.916,
        0.916,
        0.916,
        0.916,
        0.916,
        0.916,
        0.916,
        0.916,
        0.916,
        0.916,
        0.916,
        0.916,
        0.916,
        0.916,
        0.916,
        0.916,
        0.916,
        0.916,
        0.916,
        0.916,
        0.916,
        0.916,
        0.916,
        0.916,
        0.916,
        0.916,
        0.916,
        0.916,
        0.916,
        0.916,
        0.916,
        0.916,
        0.916,
        0.916,
        0.916,
        0.928,
        0.928,
        0.928,
        0.928,
        0.928,
        0.928,
        0.928,
        0.928,
        0.928,
        0.928,
        0.928,
        0.944,
        0.959
      ],
      [
        0.952,
        0.967
      ],
      [
        0.938,
        0.953
      ]
    ],
    "50": [
      [
        0.977,
        0.977
      ],
      [
        0.962,
        0.972
      ],
      [
        0.967,
        0.978
      ],
      [
        0.952,
        0.962
      ],
      [
        0.957,
        0.969
      ]
    ]
  },
  "timestamp": "2025-05-14T17:54:50.446329"
}