{
  "function_class": "MonotoneConjunction",
  "distribution": "beta",
  "dist_name": "beta",
  "bias": null,
  "epsilon": 0.05,
  "tolerance": 0.01,
  "trials": 5,
  "n_values": [
    5,
    10,
    20,
    30,
    50
  ],
  "success_rates": [
    1.0,
    1.0,
    1.0,
    1.0,
    1.0
  ],
  "avg_generations": [
    2.6,
    1.0,
    1.0,
    1.0,
    1.0
  ],
  "avg_times": [
    0.05659399032592773,
    0.04873924255371094,
    0.09483094215393066,
    0.11224250793457032,
    0.1794121742248535
  ],
  "avg_beneficial_mutations": [
    2.4,
    0.6,
    0.0,
    0.0,
    0.0
  ],
  "avg_neutral_mutations": [
    0.0,
    0.4,
    1.0,
    1.0,
    1.0
  ],
  "fitness_histories": {
    "5": [
      [
        0.873,
        0.945,
        1.0
      ],
      [
        1.0,
        1.0
      ],
      [
        0.704,
        0.766,
        0.841,
        1.0
      ],
      [
        0.701,
        0.734,
        0.784,
        0.821,
        1.0
      ],
      [
        0.697,
        0.778,
        0.817,
        1.0
      ]
    ],
    "10": [
      [
        0.992,
        0.992
      ],
      [
        0.989,
        0.989
      ],
      [
        0.892,
        0.966
      ],
      [
        0.941,
        0.977
      ],
      [
        0.945,
        0.977
      ]
    ],
    "20": [
      [
        0.996,
        0.996
      ],
      [
        0.997,
        0.997
      ],
      [
        0.997,
        0.997
      ],
      [
        0.996,
        0.996
      ],
      [
        0.997,
        0.997
      ]
    ],
    "30": [
      [
        1.0,
        1.0
      ],
      [
        0.998,
        0.998
      ],
      [
        0.998,
        0.998
      ],
      [
        0.999,
        0.999
      ],
      [
        1.0,
        1.0
      ]
    ],
    "50": [
      [
        1.0,
        1.0
      ],
      [
        1.0,
        1.0
      ],
      [
        1.0,
        1.0
      ],
      [
        1.0,
        1.0
      ],
      [
        1.0,
        1.0
      ]
    ]
  },
  "timestamp": "2025-05-14T17:54:33.066427"
}