{
  "function_class": "MonotoneDisjunction",
  "distribution": "biased",
  "dist_name": "biased_075",
  "bias": 0.75,
  "epsilon": 0.05,
  "tolerance": 0.01,
  "trials": 5,
  "n_values": [
    5,
    10,
    20,
    30,
    50
  ],
  "success_rates": [
    0.6,
    1.0,
    1.0,
    1.0,
    1.0
  ],
  "avg_generations": [
    1.2,
    1.0,
    1.0,
    1.0,
    1.0
  ],
  "avg_times": [
    0.007735490798950195,
    0.009376430511474609,
    0.016161394119262696,
    0.024163198471069337,
    0.04301309585571289
  ],
  "avg_beneficial_mutations": [
    1.2,
    0.4,
    0.0,
    0.0,
    0.0
  ],
  "avg_neutral_mutations": [
    0.0,
    0.6,
    1.0,
    1.0,
    1.0
  ],
  "fitness_histories": {
    "5": [
      [
        0.059,
        0.815,
        1.0
      ],
      [
        0.922,
        0.954
      ],
      [
        0.825,
        1.0
      ],
      [
        0.956,
        1.0
      ],
      [
        0.917,
        0.95
      ]
    ],
    "10": [
      [
        0.984,
        0.996
      ],
      [
        0.998,
        0.998
      ],
      [
        0.996,
        0.996
      ],
      [
        0.983,
        0.998
      ],
      [
        0.988,
        0.988
      ]
    ],
    "20": [
      [
        1.0,
        1.0
      ],
      [
        1.0,
        1.0
      ],
      [
        1.0,
        1.0
      ],
      [
        1.0,
        1.0
      ],
      [
        1.0,
        1.0
      ]
    ],
    "30": [
      [
        1.0,
        1.0
      ],
      [
        1.0,
        1.0
      ],
      [
        1.0,
        1.0
      ],
      [
        1.0,
        1.0
      ],
      [
        1.0,
        1.0
      ]
    ],
    "50": [
      [
        1.0,
        1.0
      ],
      [
        1.0,
        1.0
      ],
      [
        1.0,
        1.0
      ],
      [
        1.0,
        1.0
      ],
      [
        1.0,
        1.0
      ]
    ]
  },
  "timestamp": "2025-05-14T17:55:24.503436"
}