{
  "function_class": "GeneralConjunction",
  "distribution": "biased",
  "dist_name": "biased_075",
  "bias": 0.75,
  "epsilon": 0.05,
  "tolerance": 0.01,
  "trials": 5,
  "n_values": [
    5,
    10,
    20,
    30,
    50
  ],
  "success_rates": [
    0.8,
    1.0,
    1.0,
    1.0,
    1.0
  ],
  "avg_generations": [
    4.0,
    23.2,
    1.0,
    1.0,
    1.0
  ],
  "avg_times": [
    0.04494791030883789,
    0.3957958698272705,
    0.03800821304321289,
    0.06150979995727539,
    0.10453276634216309
  ],
  "avg_beneficial_mutations": [
    3.6,
    1.8,
    0.0,
    0.0,
    0.0
  ],
  "avg_neutral_mutations": [
    0.4,
    2.2,
    1.0,
    1.0,
    1.0
  ],
  "fitness_histories": {
    "5": [
      [
        0.805,
        0.821,
        0.821,
        0.833,
        0.873,
        0.955
      ],
      [
        0.398,
        0.895,
        0.917,
        0.942,
        1.0
      ],
      [
        0.541,
        0.607,
        0.653,
        0.788,
        0.87,
        1.0
      ],
      [
        0.921,
        0.962
      ],
      [
        0.831,
        0.853,
        0.853,
        0.873,
        0.897,
        1.0
      ]
    ],
    "10": [
      [
        0.991,
        0.991
      ],
      [
        0.958,
        0.958
      ],
      [
        0.965,
        0.979
      ],
      [
        0.695,
        0.695,
        0.711,
        0.711,
        0.73,
        0.73,
        0.73,
        0.73,
        0.73,
        0.73,
        0.73,
        0.73,
        0.73,
        0.73,
        0.73,
        0.73,
        0.73,
        0.73,
        0.73,
        0.73,
        0.73,
        0.73,
        0.73,
        0.73,
        0.73,
        0.73,
        0.73,
        0.73,
        0.73,
        0.73,
        0.73,
        0.73,
        0.73,
        0.73,
        0.73,
        0.73,
        0.73,
        0.73,
        0.73,
        0.73,
        0.73,
        0.73,
        0.73,
        0.73,
        0.73,
        0.73,
        0.73,
        0.73,
        0.73,
        0.73,
        0.73,
        0.73,
        0.73,
        0.73,
        0.73,
        0.73,
        0.73,
        0.73,
        0.73,
        0.73,
        0.73,
        0.73,
        0.73,
        0.73,
        0.73,
        0.73,
        0.73,
        0.73,
        0.73,
        0.73,
        0.73,
        0.73,
        0.73,
        0.73,
        0.73,
        0.73,
        0.73,
        0.73,
        0.73,
        0.73,
        0.73,
        0.73,
        0.73,
        0.73,
        0.73,
        0.73,
        0.73,
        0.73,
        0.73,
        0.73,
        0.73,
        0.73,
        0.73,
        0.73,
        0.73,
        0.73,
        0.73,
        0.73,
        0.73,
        0.73,
        0.73,
        0.73,
        0.73,
        0.73,
        0.73,
        0.73,
        0.73,
        0.73,
        0.744,
        0.816,
        0.871,
        0.924,
        1.0
      ],
      [
        0.859,
        0.967
      ]
    ],
    "20": [
      [
        1.0,
        1.0
      ],
      [
        0.996,
        0.996
      ],
      [
        1.0,
        1.0
      ],
      [
        0.999,
        0.999
      ],
      [
        0.996,
        0.996
      ]
    ],
    "30": [
      [
        1.0,
        1.0
      ],
      [
        1.0,
        1.0
      ],
      [
        0.999,
        0.999
      ],
      [
        1.0,
        1.0
      ],
      [
        1.0,
        1.0
      ]
    ],
    "50": [
      [
        1.0,
        1.0
      ],
      [
        1.0,
        1.0
      ],
      [
        1.0,
        1.0
      ],
      [
        1.0,
        1.0
      ],
      [
        1.0,
        1.0
      ]
    ]
  },
  "timestamp": "2025-05-14T17:55:28.000935"
}