{
  "function_class": "Majority",
  "distribution": "biased",
  "dist_name": "biased_075",
  "bias": 0.75,
  "epsilon": 0.05,
  "tolerance": 0.01,
  "trials": 5,
  "n_values": [
    5,
    10,
    20,
    30,
    50
  ],
  "success_rates": [
    0.8,
    0.8,
    1.0,
    1.0,
    1.0
  ],
  "avg_generations": [
    1.8,
    10.8,
    1.0,
    1.0,
    1.0
  ],
  "avg_times": [
    0.024385643005371094,
    0.23989696502685548,
    0.08680849075317383,
    0.15907588005065917,
    0.38005404472351073
  ],
  "avg_beneficial_mutations": [
    1.4,
    0.2,
    0.6,
    0.6,
    0.0
  ],
  "avg_neutral_mutations": [
    0.4,
    0.2,
    0.4,
    0.4,
    1.0
  ],
  "fitness_histories": {
    "5": [
      [
        0.907,
        0.907,
        0.944,
        1.0
      ],
      [
        0.882,
        0.949,
        1.0
      ],
      [
        0.939,
        1.0
      ],
      [
        0.899,
        0.95
      ],
      [
        0.901,
        0.901,
        0.95
      ]
    ],
    "10": [
      [
        0.948,
        0.981
      ],
      [
        0.947,
        0.947,
        0.947,
        0.947,
        0.947,
        0.947,
        0.947,
        0.947,
        0.947,
        0.947,
        0.947,
        0.947,
        0.947,
        0.947,
        0.947,
        0.947,
        0.947,
        0.947,
        0.947,
        0.947,
        0.947,
        0.947,
        0.947,
        0.947,
        0.947,
        0.947,
        0.947,
        0.947,
        0.947,
        0.947,
        0.947,
        0.947,
        0.947,
        0.947,
        0.947,
        0.947,
        0.947,
        0.947,
        0.947,
        0.947,
        0.947,
        0.947,
        0.947,
        0.947,
        0.947,
        0.947,
        0.947,
        0.947,
        0.947,
        0.947
      ],
      [
        0.961,
        0.961
      ],
      [
        0.987,
        0.987
      ],
      [
        0.956,
        0.956
      ]
    ],
    "20": [
      [
        0.921,
        0.98
      ],
      [
        0.981,
        0.981
      ],
      [
        0.988,
        0.988
      ],
      [
        0.977,
        0.988
      ],
      [
        0.95,
        0.984
      ]
    ],
    "30": [
      [
        0.986,
        0.997
      ],
      [
        0.987,
        0.987
      ],
      [
        0.99,
        0.99
      ],
      [
        0.985,
        0.995
      ],
      [
        0.978,
        0.99
      ]
    ],
    "50": [
      [
        0.996,
        0.996
      ],
      [
        0.997,
        0.997
      ],
      [
        0.997,
        0.997
      ],
      [
        0.998,
        0.998
      ],
      [
        0.999,
        0.999
      ]
    ]
  },
  "timestamp": "2025-05-14T17:55:39.882749"
}