{
  "function_class": "MonotoneConjunction",
  "distribution": "biased",
  "dist_name": "biased_075",
  "bias": 0.75,
  "epsilon": 0.05,
  "tolerance": 0.01,
  "trials": 5,
  "n_values": [
    5,
    10,
    20,
    30,
    50
  ],
  "success_rates": [
    1.0,
    1.0,
    0.2,
    1.0,
    1.0
  ],
  "avg_generations": [
    2.2,
    4.2,
    16.8,
    1.0,
    1.0
  ],
  "avg_times": [
    0.012639665603637695,
    0.04058117866516113,
    0.3282944679260254,
    0.03657817840576172,
    0.06355481147766114
  ],
  "avg_beneficial_mutations": [
    1.8,
    4.2,
    3.2,
    0.4,
    0.0
  ],
  "avg_neutral_mutations": [
    0.0,
    0.0,
    4.2,
    0.6,
    1.0
  ],
  "fitness_histories": {
    "5": [
      [
        0.455,
        0.657,
        0.796,
        0.888,
        1.0
      ],
      [
        1.0,
        1.0
      ],
      [
        1.0,
        1.0
      ],
      [
        0.794,
        0.912,
        1.0
      ],
      [
        0.526,
        0.664,
        0.824,
        1.0
      ]
    ],
    "10": [
      [
        0.793,
        0.864,
        0.888,
        0.938,
        1.0
      ],
      [
        0.804,
        0.87,
        0.925,
        1.0
      ],
      [
        0.804,
        0.841,
        0.872,
        0.889,
        0.942,
        1.0
      ],
      [
        0.889,
        0.945,
        0.976
      ],
      [
        0.717,
        0.776,
        0.803,
        0.829,
        0.872,
        0.92,
        0.946,
        1.0
      ]
    ],
    "20": [
      [
        0.806,
        0.872,
        0.918,
        0.918,
        0.929,
        0.952
      ],
      [
        0.931,
        0.942,
        0.953
      ],
      [
        0.849,
        0.89,
        0.89,
        0.89,
        0.89,
        0.89,
        0.89,
        0.901,
        0.901,
        0.901,
        0.901,
        0.901,
        0.901,
        0.901,
        0.913,
        0.913,
        0.913,
        0.913,
        0.913,
        0.913,
        0.913,
        0.913,
        0.913,
        0.913,
        0.913,
        0.913,
        0.913,
        0.913,
        0.913,
        0.913,
        0.913,
        0.913,
        0.913,
        0.913,
        0.913,
        0.913,
        0.913,
        0.913,
        0.913,
        0.913,
        0.913,
        0.913,
        0.913,
        0.913,
        0.913,
        0.913,
        0.913,
        0.913,
        0.913,
        0.913,
        0.913,
        0.913,
        0.913,
        0.913,
        0.913,
        0.913,
        0.913,
        0.913,
        0.913,
        0.913,
        0.913,
        0.913,
        0.913,
        0.913,
        0.913,
        0.913,
        0.913,
        0.913,
        0.913,
        0.913,
        0.927,
        0.938,
        0.952
      ],
      [
        0.898,
        0.928,
        0.928,
        0.942,
        0.952
      ],
      [
        0.935,
        0.972
      ]
    ],
    "30": [
      [
        0.995,
        0.995
      ],
      [
        0.984,
        0.984
      ],
      [
        0.983,
        0.983
      ],
      [
        0.972,
        0.985
      ],
      [
        0.971,
        0.981
      ]
    ],
    "50": [
      [
        0.998,
        0.998
      ],
      [
        0.999,
        0.999
      ],
      [
        0.998,
        0.998
      ],
      [
        0.998,
        0.998
      ],
      [
        0.998,
        0.998
      ]
    ]
  },
  "timestamp": "2025-05-14T17:55:23.734536"
}