{
  "function_class": "GeneralDisjunction",
  "distribution": "biased",
  "dist_name": "biased_075",
  "bias": 0.75,
  "epsilon": 0.05,
  "tolerance": 0.01,
  "trials": 5,
  "n_values": [
    5,
    10,
    20,
    30,
    50
  ],
  "success_rates": [
    0.8,
    0.8,
    1.0,
    1.0,
    1.0
  ],
  "avg_generations": [
    2.2,
    68.0,
    1.0,
    1.0,
    1.0
  ],
  "avg_times": [
    0.021252155303955078,
    1.1501964569091796,
    0.03904356956481934,
    0.06002631187438965,
    0.10928092002868653
  ],
  "avg_beneficial_mutations": [
    2.2,
    3.4,
    0.2,
    0.0,
    0.0
  ],
  "avg_neutral_mutations": [
    0.0,
    30.8,
    0.8,
    1.0,
    1.0
  ],
  "fitness_histories": {
    "5": [
      [
        0.845,
        0.869,
        0.897,
        1.0
      ],
      [
        0.827,
        0.912,
        0.947,
        1.0
      ],
      [
        0.935,
        0.973
      ],
      [
        0.008,
        0.781,
        0.954
      ],
      [
        0.891,
        0.941,
        0.957
      ]
    ],
    "10": [
      [
        0.902,
        0.915,
        0.915,
        0.915,
        0.915,
        0.915,
        0.915,
        0.915,
        0.915,
        0.915,
        0.915,
        0.915,
        0.915,
        0.915,
        0.915,
        0.915,
        0.915,
        0.915,
        0.915,
        0.915,
        0.915,
        0.915,
        0.915,
        0.915,
        0.915,
        0.915,
        0.915,
        0.915,
        0.915,
        0.915,
        0.915,
        0.915,
        0.915,
        0.915,
        0.915,
        0.915,
        0.915,
        0.915,
        0.915,
        0.915,
        0.915,
        0.915,
        0.915,
        0.915,
        0.915,
        0.915,
        0.915,
        0.915,
        0.915,
        0.915,
        0.915,
        0.915,
        0.915,
        0.915,
        0.915,
        0.915,
        0.915,
        0.915,
        0.915,
        0.915,
        0.915,
        0.915,
        0.915,
        0.915,
        0.915,
        0.915,
        0.915,
        0.915,
        0.915,
        0.915,
        0.915,
        0.915,
        0.915,
        0.915,
        0.915,
        0.915,
        0.915,
        0.915,
        0.915,
        0.915,
        0.915,
        0.915,
        0.915,
        0.915,
        0.915,
        0.915,
        0.915,
        0.929,
        0.929,
        0.929,
        0.929,
        0.929,
        0.929,
        0.929,
        0.929,
        0.929,
        0.929,
        0.929,
        0.929,
        0.929,
        0.929,
        0.929,
        0.929,
        0.929,
        0.929,
        0.929,
        0.929,
        0.929,
        0.929,
        0.929,
        0.929,
        0.929,
        0.929,
        0.929,
        0.929,
        0.929,
        0.929,
        0.929,
        0.929,
        0.929,
        0.929,
        0.929,
        0.929,
        0.929,
        0.929,
        0.929,
        0.929,
        0.929,
        0.929,
        0.929,
        0.929,
        0.929,
        0.929,
        0.929,
        0.929,
        0.929,
        0.929,
        0.929,
        0.929,
        0.929,
        0.929,
        0.929,
        0.929,
        0.929,
        0.929,
        0.929,
        0.929,
        0.929,
        0.929,
        0.929,
        0.929,
        0.929,
        0.929,
        0.929,
        0.929,
        0.929,
        0.929,
        0.929,
        0.929,
        0.929,
        0.929,
        0.929,
        0.929,
        0.929,
        0.929,
        0.929,
        0.929,
        0.929,
        0.929,
        0.929,
        0.929,
        0.929,
        0.929,
        0.929,
        0.929,
        0.929,
        0.929,
        0.929,
        0.929,
        0.929,
        0.929,
        0.929,
        0.929,
        0.929,
        0.929,
        0.929,
        0.929,
        0.929,
        0.929,
        0.929,
        0.929,
        0.929,
        0.96
      ],
      [
        0.849,
        0.917,
        0.929,
        0.929,
        0.929,
        0.929,
        0.929,
        0.929,
        0.929,
        0.941,
        0.941,
        0.941,
        0.941,
        0.941,
        0.941,
        0.941,
        0.941,
        0.941,
        0.941,
        0.941,
        0.941,
        0.941,
        0.941,
        0.941,
        0.941,
        0.941,
        0.941,
        0.941,
        0.941,
        0.941,
        0.941,
        0.941,
        0.941,
        0.941,
        0.941,
        0.941,
        0.941,
        0.941,
        0.941,
        0.941,
        0.941,
        0.941,
        0.941,
        0.941,
        0.941,
        0.941,
        0.941,
        0.941,
        0.941,
        0.941,
        0.941,
        0.941,
        0.941,
        0.941,
        0.941,
        0.941,
        0.941,
        0.941,
        0.941,
        0.941,
        0.941,
        0.941,
        0.941,
        0.941,
        0.941,
        0.941,
        0.941,
        0.941,
        0.941,
        0.941,
        0.941,
        0.941,
        0.941,
        0.941,
        0.941,
        0.941,
        0.941,
        0.941,
        0.941,
        0.941,
        0.941,
        0.941,
        0.941,
        0.941,
        0.941,
        0.941,
        0.941,
        0.941,
        0.941,
        0.941,
        0.941,
        0.941,
        0.941,
        0.941,
        0.941,
        0.941,
        0.941,
        0.941,
        0.941,
        0.941,
        0.941,
        0.941,
        0.941,
        0.941,
        0.941,
        0.941,
        0.941,
        0.941,
        0.941,
        0.941,
        0.941,
        0.941,
        0.941,
        0.941,
        0.941,
        0.941,
        0.958
      ],
      [
        0.429,
        0.863,
        0.963
      ],
      [
        0.969,
        0.991
      ],
      [
        0.814,
        0.828,
        0.843,
        0.843,
        0.843,
        0.843,
        0.843,
        0.843,
        0.843,
        0.843,
        0.843,
        0.843,
        0.843,
        0.843,
        0.843,
        0.843,
        0.843,
        0.843,
        0.843,
        0.843,
        0.843,
        0.843,
        0.843,
        0.843,
        0.855,
        0.855,
        0.869,
        0.891,
        0.92,
        0.96
      ]
    ],
    "20": [
      [
        1.0,
        1.0
      ],
      [
        0.997,
        0.997
      ],
      [
        0.999,
        0.999
      ],
      [
        0.985,
        0.995
      ],
      [
        0.999,
        0.999
      ]
    ],
    "30": [
      [
        1.0,
        1.0
      ],
      [
        1.0,
        1.0
      ],
      [
        1.0,
        1.0
      ],
      [
        1.0,
        1.0
      ],
      [
        1.0,
        1.0
      ]
    ],
    "50": [
      [
        1.0,
        1.0
      ],
      [
        1.0,
        1.0
      ],
      [
        1.0,
        1.0
      ],
      [
        1.0,
        1.0
      ],
      [
        1.0,
        1.0
      ]
    ]
  },
  "timestamp": "2025-05-14T17:55:35.159905"
}