{
  "function_class": "Majority",
  "distribution": "binomial",
  "dist_name": "binomial",
  "bias": null,
  "epsilon": 0.05,
  "tolerance": 0.01,
  "trials": 5,
  "n_values": [
    5,
    10,
    20,
    30,
    50
  ],
  "success_rates": [
    0.4,
    1.0,
    1.0,
    1.0,
    1.0
  ],
  "avg_generations": [
    35.6,
    1.0,
    1.0,
    1.0,
    1.0
  ],
  "avg_times": [
    1.1060544013977052,
    0.11482415199279786,
    0.20761427879333497,
    0.33215842247009275,
    0.6682058334350586
  ],
  "avg_beneficial_mutations": [
    0.8,
    0.4,
    0.0,
    0.0,
    0.0
  ],
  "avg_neutral_mutations": [
    0.2,
    0.6,
    1.0,
    1.0,
    1.0
  ],
  "fitness_histories": {
    "5": [
      [
        0.924,
        0.924,
        0.924,
        0.924,
        0.924,
        0.924,
        0.924,
        0.924,
        0.924,
        0.924,
        0.924,
        0.924,
        0.924,
        0.924,
        0.924,
        0.924,
        0.924,
        0.924,
        0.924,
        0.924,
        0.924,
        0.924,
        0.924,
        0.924,
        0.924,
        1.0
      ],
      [
        0.71,
        0.946,
        0.946,
        0.946,
        0.946,
        0.946,
        0.946,
        0.946,
        0.946,
        0.946,
        0.946,
        0.946,
        0.946,
        0.946,
        0.946,
        0.946,
        0.946,
        0.946,
        0.946,
        0.946,
        0.946,
        0.946,
        0.946,
        0.946,
        0.946,
        0.946,
        0.946,
        0.946,
        0.946,
        0.946,
        0.946,
        0.946,
        0.946,
        0.946,
        0.946,
        0.946,
        0.946,
        0.946,
        0.946,
        0.946,
        0.946,
        0.946,
        0.946,
        0.946,
        0.946,
        0.946,
        0.946,
        0.946,
        0.946,
        0.946,
        0.946
      ],
      [
        0.944,
        0.944,
        0.944,
        0.944,
        0.944,
        0.944,
        0.944,
        0.944,
        0.944,
        0.944,
        0.944,
        0.944,
        0.944,
        0.944,
        0.944,
        0.944,
        0.944,
        0.944,
        0.944,
        0.944,
        0.944,
        0.944,
        0.944,
        0.944,
        0.944,
        0.944,
        0.944,
        0.944,
        0.944,
        0.944,
        0.944,
        0.944,
        0.944,
        0.944,
        0.944,
        0.944,
        0.944,
        0.944,
        0.944,
        0.944,
        0.944,
        0.944,
        0.944,
        0.944,
        0.944,
        0.944,
        0.944,
        0.944,
        0.944,
        0.944
      ],
      [
        0.693,
        0.934,
        0.934,
        0.934,
        0.934,
        0.934,
        0.934,
        0.934,
        0.934,
        0.934,
        0.934,
        0.934,
        0.934,
        0.934,
        0.934,
        0.934,
        0.934,
        0.934,
        0.934,
        0.934,
        0.934,
        0.934,
        0.934,
        0.934,
        0.934,
        0.934,
        0.934,
        0.934,
        0.934,
        0.934,
        0.934,
        0.934,
        0.934,
        0.934,
        0.934,
        0.934,
        0.934,
        0.934,
        0.934,
        0.934,
        0.934,
        0.934,
        0.934,
        0.934,
        0.934,
        0.934,
        0.934,
        0.934,
        0.934,
        0.934,
        0.934
      ],
      [
        0.887,
        1.0
      ]
    ],
    "10": [
      [
        0.997,
        0.997
      ],
      [
        0.97,
        0.997
      ],
      [
        0.961,
        0.99
      ],
      [
        0.997,
        0.997
      ],
      [
        1.0,
        1.0
      ]
    ],
    "20": [
      [
        1.0,
        1.0
      ],
      [
        1.0,
        1.0
      ],
      [
        1.0,
        1.0
      ],
      [
        1.0,
        1.0
      ],
      [
        1.0,
        1.0
      ]
    ],
    "30": [
      [
        1.0,
        1.0
      ],
      [
        1.0,
        1.0
      ],
      [
        1.0,
        1.0
      ],
      [
        1.0,
        1.0
      ],
      [
        1.0,
        1.0
      ]
    ],
    "50": [
      [
        1.0,
        1.0
      ],
      [
        1.0,
        1.0
      ],
      [
        1.0,
        1.0
      ],
      [
        1.0,
        1.0
      ],
      [
        1.0,
        1.0
      ]
    ]
  },
  "timestamp": "2025-05-14T17:54:29.649357"
}