{
  "function_class": "GeneralConjunction",
  "distribution": "binomial",
  "dist_name": "binomial",
  "bias": null,
  "epsilon": 0.05,
  "tolerance": 0.01,
  "trials": 5,
  "n_values": [
    5,
    10,
    20,
    30,
    50
  ],
  "success_rates": [
    1.0,
    0.8,
    1.0,
    1.0,
    1.0
  ],
  "avg_generations": [
    1.6,
    1.0,
    1.0,
    1.0,
    1.0
  ],
  "avg_times": [
    0.11969313621520997,
    0.14052219390869142,
    0.2602530956268311,
    0.3711463451385498,
    0.613369369506836
  ],
  "avg_beneficial_mutations": [
    1.6,
    0.6,
    0.0,
    0.0,
    0.0
  ],
  "avg_neutral_mutations": [
    0.0,
    0.4,
    1.0,
    1.0,
    1.0
  ],
  "fitness_histories": {
    "5": [
      [
        0.329,
        1.0
      ],
      [
        0.876,
        0.981
      ],
      [
        0.819,
        1.0
      ],
      [
        0.195,
        0.294,
        0.714,
        0.871,
        1.0
      ],
      [
        0.942,
        0.987
      ]
    ],
    "10": [
      [
        0.999,
        0.999
      ],
      [
        0.938,
        0.997
      ],
      [
        0.988,
        0.999
      ],
      [
        0.932,
        0.95
      ],
      [
        1.0,
        1.0
      ]
    ],
    "20": [
      [
        1.0,
        1.0
      ],
      [
        1.0,
        1.0
      ],
      [
        1.0,
        1.0
      ],
      [
        1.0,
        1.0
      ],
      [
        1.0,
        1.0
      ]
    ],
    "30": [
      [
        1.0,
        1.0
      ],
      [
        1.0,
        1.0
      ],
      [
        1.0,
        1.0
      ],
      [
        1.0,
        1.0
      ],
      [
        1.0,
        1.0
      ]
    ],
    "50": [
      [
        1.0,
        1.0
      ],
      [
        1.0,
        1.0
      ],
      [
        1.0,
        1.0
      ],
      [
        1.0,
        1.0
      ],
      [
        1.0,
        1.0
      ]
    ]
  },
  "timestamp": "2025-05-14T17:54:08.349858"
}