{
  "function_class": "GeneralDisjunction",
  "distribution": "binomial",
  "dist_name": "binomial",
  "bias": null,
  "epsilon": 0.05,
  "tolerance": 0.01,
  "trials": 5,
  "n_values": [
    5,
    10,
    20,
    30,
    50
  ],
  "success_rates": [
    1.0,
    0.8,
    1.0,
    1.0,
    1.0
  ],
  "avg_generations": [
    2.0,
    3.0,
    1.0,
    1.0,
    1.0
  ],
  "avg_times": [
    0.13616943359375,
    0.3544041156768799,
    0.2487727165222168,
    0.3819293022155762,
    0.6057219505310059
  ],
  "avg_beneficial_mutations": [
    1.8,
    0.8,
    0.0,
    0.0,
    0.0
  ],
  "avg_neutral_mutations": [
    0.2,
    2.2,
    1.0,
    1.0,
    1.0
  ],
  "fitness_histories": {
    "5": [
      [
        0.802,
        0.822,
        0.822,
        0.844,
        0.855,
        0.976
      ],
      [
        0.819,
        0.976
      ],
      [
        0.976,
        0.994
      ],
      [
        0.293,
        0.974
      ],
      [
        0.307,
        0.818,
        1.0
      ]
    ],
    "10": [
      [
        0.929,
        0.94,
        0.94,
        0.94,
        0.94,
        0.94,
        0.94,
        0.94,
        0.94,
        0.95
      ],
      [
        0.995,
        0.995
      ],
      [
        0.999,
        0.999
      ],
      [
        0.994,
        0.994
      ],
      [
        0.918,
        0.945,
        0.945,
        0.985
      ]
    ],
    "20": [
      [
        1.0,
        1.0
      ],
      [
        1.0,
        1.0
      ],
      [
        1.0,
        1.0
      ],
      [
        1.0,
        1.0
      ],
      [
        1.0,
        1.0
      ]
    ],
    "30": [
      [
        1.0,
        1.0
      ],
      [
        1.0,
        1.0
      ],
      [
        1.0,
        1.0
      ],
      [
        1.0,
        1.0
      ],
      [
        1.0,
        1.0
      ]
    ],
    "50": [
      [
        1.0,
        1.0
      ],
      [
        1.0,
        1.0
      ],
      [
        1.0,
        1.0
      ],
      [
        1.0,
        1.0
      ],
      [
        1.0,
        1.0
      ]
    ]
  },
  "timestamp": "2025-05-14T17:54:17.243693"
}