{
  "function_class": "MonotoneConjunction",
  "distribution": "binomial",
  "dist_name": "binomial",
  "bias": null,
  "epsilon": 0.05,
  "tolerance": 0.01,
  "trials": 5,
  "n_values": [
    5,
    10,
    20,
    30,
    50
  ],
  "success_rates": [
    1.0,
    1.0,
    1.0,
    1.0,
    1.0
  ],
  "avg_generations": [
    1.2,
    1.0,
    1.0,
    1.0,
    1.0
  ],
  "avg_times": [
    0.061229705810546875,
    0.08016486167907715,
    0.1343076705932617,
    0.18820323944091796,
    0.30603857040405275
  ],
  "avg_beneficial_mutations": [
    0.8,
    0.2,
    0.0,
    0.0,
    0.0
  ],
  "avg_neutral_mutations": [
    0.2,
    0.8,
    1.0,
    1.0,
    1.0
  ],
  "fitness_histories": {
    "5": [
      [
        0.97,
        0.995
      ],
      [
        0.0,
        0.834,
        0.969
      ],
      [
        0.97,
        0.97
      ],
      [
        0.987,
        0.998
      ],
      [
        0.972,
        0.972
      ]
    ],
    "10": [
      [
        1.0,
        1.0
      ],
      [
        1.0,
        1.0
      ],
      [
        1.0,
        1.0
      ],
      [
        0.098,
        1.0
      ],
      [
        1.0,
        1.0
      ]
    ],
    "20": [
      [
        1.0,
        1.0
      ],
      [
        1.0,
        1.0
      ],
      [
        1.0,
        1.0
      ],
      [
        1.0,
        1.0
      ],
      [
        1.0,
        1.0
      ]
    ],
    "30": [
      [
        1.0,
        1.0
      ],
      [
        1.0,
        1.0
      ],
      [
        1.0,
        1.0
      ],
      [
        1.0,
        1.0
      ],
      [
        1.0,
        1.0
      ]
    ],
    "50": [
      [
        1.0,
        1.0
      ],
      [
        1.0,
        1.0
      ],
      [
        1.0,
        1.0
      ],
      [
        1.0,
        1.0
      ],
      [
        1.0,
        1.0
      ]
    ]
  },
  "timestamp": "2025-05-14T17:52:45.770980"
}