{
  "function_class": "MonotoneDisjunction",
  "distribution": "binomial",
  "dist_name": "binomial",
  "bias": null,
  "epsilon": 0.05,
  "tolerance": 0.01,
  "trials": 5,
  "n_values": [
    5,
    10,
    20,
    30,
    50
  ],
  "success_rates": [
    1.0,
    1.0,
    0.4,
    0.8,
    0.4
  ],
  "avg_generations": [
    2.2,
    5.6,
    7.6,
    14.4,
    25.2
  ],
  "avg_times": [
    0.08915886878967286,
    0.33846416473388674,
    1.0088225841522216,
    3.0173846244812013,
    10.45356707572937
  ],
  "avg_beneficial_mutations": [
    2.2,
    5.6,
    7.6,
    12.2,
    13.0
  ],
  "avg_neutral_mutations": [
    0.0,
    0.0,
    0.0,
    1.4,
    11.2
  ],
  "fitness_histories": {
    "5": [
      [
        0.431,
        0.618,
        0.792,
        0.903,
        1.0
      ],
      [
        0.769,
        0.886,
        1.0
      ],
      [
        0.92,
        1.0
      ],
      [
        0.895,
        1.0
      ],
      [
        0.738,
        0.851,
        0.912,
        1.0
      ]
    ],
    "10": [
      [
        0.629,
        0.736,
        0.79,
        0.865,
        0.894,
        0.942,
        1.0
      ],
      [
        0.618,
        0.725,
        0.782,
        0.811,
        0.875,
        0.936,
        1.0
      ],
      [
        0.607,
        0.675,
        0.758,
        0.814,
        0.884,
        0.944,
        1.0
      ],
      [
        0.609,
        0.665,
        0.733,
        0.807,
        0.861,
        0.922,
        1.0
      ],
      [
        0.747,
        0.816,
        0.87,
        0.934,
        1.0
      ]
    ],
    "20": [
      [
        0.749,
        0.784,
        0.803,
        0.826,
        0.878,
        0.901,
        0.926,
        0.965
      ],
      [
        0.696,
        0.754,
        0.771,
        0.797,
        0.843,
        0.859,
        0.898,
        0.909,
        0.956
      ],
      [
        0.758,
        0.807,
        0.833,
        0.87,
        0.912,
        0.925,
        0.964
      ],
      [
        0.77,
        0.802,
        0.84,
        0.854,
        0.883,
        0.912,
        0.945,
        0.972
      ],
      [
        0.629,
        0.71,
        0.731,
        0.756,
        0.77,
        0.807,
        0.835,
        0.862,
        0.882,
        0.918,
        0.951
      ]
    ],
    "30": [
      [
        0.579,
        0.652,
        0.665,
        0.685,
        0.705,
        0.727,
        0.764,
        0.793,
        0.793,
        0.818,
        0.85,
        0.85,
        0.85,
        0.867,
        0.892,
        0.91,
        0.91,
        0.947,
        0.969
      ],
      [
        0.733,
        0.782,
        0.782,
        0.811,
        0.822,
        0.847,
        0.882,
        0.882,
        0.882,
        0.882,
        0.892,
        0.905,
        0.936,
        0.947,
        0.958
      ],
      [
        0.625,
        0.663,
        0.679,
        0.692,
        0.702,
        0.719,
        0.747,
        0.757,
        0.787,
        0.805,
        0.82,
        0.839,
        0.857,
        0.887,
        0.887,
        0.887,
        0.899,
        0.924,
        0.954
      ],
      [
        0.751,
        0.815,
        0.826,
        0.838,
        0.867,
        0.878,
        0.899,
        0.915,
        0.931,
        0.946,
        0.975
      ],
      [
        0.724,
        0.756,
        0.767,
        0.794,
        0.81,
        0.839,
        0.86,
        0.882,
        0.882,
        0.906,
        0.92,
        0.93,
        0.957
      ]
    ],
    "50": [
      [
        0.661,
        0.703,
        0.713,
        0.713,
        0.713,
        0.713,
        0.738,
        0.738,
        0.758,
        0.758,
        0.769,
        0.786,
        0.797,
        0.826,
        0.826,
        0.826,
        0.826,
        0.842,
        0.857,
        0.878,
        0.878,
        0.888,
        0.888,
        0.888,
        0.913,
        0.913,
        0.913,
        0.925,
        0.936,
        0.936,
        0.936,
        0.936,
        0.936,
        0.936,
        0.954
      ],
      [
        0.736,
        0.773,
        0.773,
        0.773,
        0.788,
        0.815,
        0.815,
        0.815,
        0.84,
        0.84,
        0.84,
        0.84,
        0.84,
        0.851,
        0.864,
        0.864,
        0.877,
        0.889,
        0.908,
        0.919,
        0.919,
        0.919,
        0.919,
        0.919,
        0.933,
        0.933,
        0.96
      ],
      [
        0.782,
        0.804,
        0.825,
        0.825,
        0.839,
        0.864,
        0.864,
        0.864,
        0.864,
        0.876,
        0.876,
        0.876,
        0.876,
        0.876,
        0.876,
        0.895,
        0.895,
        0.919,
        0.93,
        0.93,
        0.943,
        0.964
      ],
      [
        0.758,
        0.771,
        0.809,
        0.809,
        0.822,
        0.838,
        0.85,
        0.85,
        0.85,
        0.871,
        0.871,
        0.871,
        0.89,
        0.904,
        0.924,
        0.924,
        0.936,
        0.948,
        0.948,
        0.962
      ],
      [
        0.663,
        0.702,
        0.714,
        0.73,
        0.73,
        0.752,
        0.752,
        0.789,
        0.789,
        0.789,
        0.789,
        0.789,
        0.808,
        0.808,
        0.826,
        0.837,
        0.837,
        0.854,
        0.854,
        0.885,
        0.896,
        0.896,
        0.907,
        0.925,
        0.925,
        0.944,
        0.959
      ]
    ]
  },
  "timestamp": "2025-05-14T17:54:00.551361"
}