{
  "function_class": "Majority",
  "epsilon": 0.05,
  "tolerance": 0.01,
  "trials": 5,
  "n_values": [
    5,
    10,
    20,
    30,
    50
  ],
  "success_rates": [
    1.0,
    1.0,
    1.0,
    1.0,
    0.6
  ],
  "avg_generations": [
    3.4,
    7.4,
    12.8,
    20.0,
    43.8
  ],
  "avg_times": [
    0.03783731460571289,
    0.18456664085388183,
    1.0141517639160156,
    3.069930362701416,
    17.52562370300293
  ],
  "avg_beneficial_mutations": [
    1.8,
    3.2,
    5.2,
    8.6,
    10.0
  ],
  "avg_neutral_mutations": [
    0.4,
    1.2,
    3.2,
    6.6,
    15.8
  ],
  "fitness_histories": {
    "5": [
      [
        0.693,
        0.827,
        0.827,
        0.827,
        0.827,
        1.0
      ],
      [
        0.816,
        0.83,
        1.0
      ],
      [
        0.689,
        0.832,
        0.832,
        0.832,
        0.832,
        0.832,
        0.832,
        1.0
      ],
      [
        0.807,
        1.0
      ],
      [
        0.809,
        0.822,
        1.0
      ]
    ],
    "10": [
      [
        0.743,
        0.833,
        0.833,
        0.833,
        0.833,
        0.833,
        0.833,
        0.833,
        0.833,
        0.833,
        0.884,
        0.884,
        1.0
      ],
      [
        0.855,
        0.885,
        1.0
      ],
      [
        0.745,
        0.805,
        0.826,
        0.885,
        0.885,
        1.0
      ],
      [
        0.773,
        0.816,
        0.816,
        0.897,
        0.897,
        0.897,
        0.897,
        0.897,
        1.0
      ],
      [
        0.758,
        0.832,
        0.832,
        0.832,
        0.832,
        0.832,
        0.832,
        0.832,
        0.876,
        0.888,
        1.0
      ]
    ],
    "20": [
      [
        0.775,
        0.812,
        0.812,
        0.837,
        0.837,
        0.882,
        0.882,
        0.882,
        0.882,
        0.882,
        0.882,
        0.919,
        0.929,
        1.0
      ],
      [
        0.794,
        0.845,
        0.845,
        0.871,
        0.883,
        0.925,
        0.925,
        0.925,
        1.0
      ],
      [
        0.749,
        0.783,
        0.827,
        0.827,
        0.827,
        0.827,
        0.827,
        0.827,
        0.827,
        0.827,
        0.827,
        0.827,
        0.827,
        0.827,
        0.827,
        0.827,
        0.84,
        0.881,
        0.881,
        0.881,
        0.923,
        0.923,
        0.923,
        0.923,
        0.923,
        1.0
      ],
      [
        0.819,
        0.846,
        0.846,
        0.873,
        0.873,
        0.926,
        0.926,
        0.926,
        1.0
      ],
      [
        0.735,
        0.811,
        0.811,
        0.837,
        0.837,
        0.89,
        0.89,
        0.89,
        0.922,
        0.922,
        1.0
      ]
    ],
    "30": [
      [
        0.73,
        0.73,
        0.758,
        0.758,
        0.775,
        0.775,
        0.79,
        0.802,
        0.817,
        0.817,
        0.834,
        0.834,
        0.834,
        0.834,
        0.847,
        0.857,
        0.857,
        0.881,
        0.9,
        0.9,
        0.937,
        0.937,
        0.937,
        0.937,
        1.0
      ],
      [
        0.79,
        0.844,
        0.844,
        0.844,
        0.861,
        0.872,
        0.872,
        0.913,
        0.913,
        0.913,
        0.913,
        0.913,
        0.93,
        0.93,
        1.0
      ],
      [
        0.733,
        0.774,
        0.774,
        0.797,
        0.797,
        0.797,
        0.797,
        0.81,
        0.81,
        0.81,
        0.853,
        0.853,
        0.853,
        0.853,
        0.853,
        0.853,
        0.853,
        0.853,
        0.853,
        0.853,
        0.853,
        0.874,
        0.874,
        0.907,
        0.907,
        0.934,
        0.934,
        1.0
      ],
      [
        0.75,
        0.812,
        0.812,
        0.812,
        0.812,
        0.823,
        0.834,
        0.851,
        0.851,
        0.874,
        0.874,
        0.885,
        0.896,
        0.932,
        0.932,
        1.0
      ],
      [
        0.748,
        0.798,
        0.798,
        0.815,
        0.815,
        0.83,
        0.83,
        0.83,
        0.863,
        0.863,
        0.863,
        0.863,
        0.863,
        0.863,
        0.876,
        0.876,
        0.903,
        0.903,
        0.937,
        0.937,
        1.0
      ]
    ],
    "50": [
      [
        0.782,
        0.794,
        0.805,
        0.805,
        0.818,
        0.828,
        0.828,
        0.828,
        0.86,
        0.86,
        0.86,
        0.86,
        0.879,
        0.879,
        0.879,
        0.879,
        0.879,
        0.879,
        0.879,
        0.879,
        0.879,
        0.879,
        0.879,
        0.879,
        0.879,
        0.879,
        0.879,
        0.879,
        0.879,
        0.879,
        0.879,
        0.879,
        0.879,
        0.879,
        0.879,
        0.879,
        0.879,
        0.879,
        0.892,
        0.892,
        0.892,
        0.902,
        0.902,
        0.932,
        0.932,
        0.932,
        0.951
      ],
      [
        0.796,
        0.827,
        0.827,
        0.827,
        0.827,
        0.854,
        0.854,
        0.854,
        0.854,
        0.854,
        0.854,
        0.868,
        0.868,
        0.868,
        0.882,
        0.894,
        0.904,
        0.904,
        0.918,
        0.918,
        0.937,
        0.937,
        0.937,
        0.948,
        1.0
      ],
      [
        0.77,
        0.809,
        0.809,
        0.824,
        0.824,
        0.834,
        0.834,
        0.854,
        0.854,
        0.854,
        0.854,
        0.874,
        0.874,
        0.874,
        0.886,
        0.886,
        0.886,
        0.886,
        0.905,
        0.905,
        0.905,
        0.926,
        0.926,
        0.926,
        0.926,
        0.946,
        0.946,
        1.0
      ],
      [
        0.741,
        0.774,
        0.792,
        0.792,
        0.792,
        0.817,
        0.817,
        0.817,
        0.817,
        0.817,
        0.817,
        0.817,
        0.832,
        0.832,
        0.832,
        0.832,
        0.843,
        0.857,
        0.857,
        0.857,
        0.89,
        0.89,
        0.89,
        0.89,
        0.89,
        0.89,
        0.89,
        0.89,
        0.89,
        0.89,
        0.89,
        0.89,
        0.89,
        0.89,
        0.89,
        0.89,
        0.89,
        0.89,
        0.89,
        0.89,
        0.89,
        0.89,
        0.89,
        0.89,
        0.89,
        0.89,
        0.89,
        0.89,
        0.89,
        0.89,
        0.89,
        0.89,
        0.89,
        0.89,
        0.89,
        0.89,
        0.89,
        0.89,
        0.89,
        0.89,
        0.89,
        0.89,
        0.89,
        0.89,
        0.905,
        0.905,
        0.925,
        0.925,
        0.95
      ],
      [
        0.724,
        0.79,
        0.79,
        0.79,
        0.79,
        0.79,
        0.79,
        0.802,
        0.802,
        0.802,
        0.823,
        0.823,
        0.835,
        0.835,
        0.835,
        0.855,
        0.855,
        0.855,
        0.855,
        0.855,
        0.855,
        0.855,
        0.865,
        0.887,
        0.887,
        0.887,
        0.887,
        0.887,
        0.887,
        0.887,
        0.887,
        0.887,
        0.887,
        0.918,
        0.918,
        0.918,
        0.918,
        0.918,
        0.918,
        0.918,
        0.918,
        0.918,
        0.918,
        0.918,
        0.918,
        0.918,
        0.918,
        0.918,
        0.918,
        0.918,
        0.918,
        0.918,
        0.947,
        0.947,
        1.0
      ]
    ]
  },
  "timestamp": "2025-05-14T17:52:39.312005"
}