{
  "function_class": "GeneralDisjunction",
  "epsilon": 0.05,
  "tolerance": 0.01,
  "trials": 5,
  "n_values": [
    5,
    10,
    20,
    30,
    50
  ],
  "success_rates": [
    0.8,
    0.8,
    1.0,
    1.0,
    1.0
  ],
  "avg_generations": [
    19.4,
    1.2,
    1.0,
    1.0,
    1.0
  ],
  "avg_times": [
    0.1380329132080078,
    0.021852684020996094,
    0.0345489501953125,
    0.05105915069580078,
    0.08645224571228027
  ],
  "avg_beneficial_mutations": [
    3.4,
    0.8,
    0.2,
    0.0,
    0.0
  ],
  "avg_neutral_mutations": [
    2.6,
    0.4,
    0.8,
    1.0,
    1.0
  ],
  "fitness_histories": {
    "5": [
      [
        0.615,
        0.881,
        1.0
      ],
      [
        0.421,
        0.702,
        0.822,
        0.874,
        0.91,
        0.92,
        0.92,
        0.92,
        0.92,
        0.92,
        0.92,
        0.92,
        0.92,
        0.92,
        0.932,
        0.932,
        0.932,
        0.932,
        0.932,
        0.932,
        0.932,
        0.932,
        0.932,
        0.932,
        0.932,
        0.932,
        0.932,
        0.932,
        0.932,
        0.932,
        0.932,
        0.932,
        0.932,
        0.932,
        0.932,
        0.932,
        0.932,
        0.932,
        0.932,
        0.932,
        0.932,
        0.932,
        0.932,
        0.932,
        0.932,
        0.932,
        0.932,
        0.932,
        0.932,
        0.932,
        0.932,
        0.932,
        0.932,
        0.932,
        0.932,
        0.932,
        0.932,
        0.932,
        0.932,
        0.932,
        0.932,
        0.932,
        0.932,
        0.932,
        0.932,
        0.932,
        0.932,
        0.932,
        0.932,
        0.932,
        0.932,
        0.932,
        0.932,
        0.932,
        0.932,
        0.932,
        0.932,
        0.932,
        0.932,
        0.932,
        0.932,
        0.932,
        0.932,
        0.932,
        0.932,
        0.932,
        0.932,
        0.97
      ],
      [
        0.601,
        0.742,
        0.818,
        0.888,
        1.0
      ],
      [
        0.783,
        0.904,
        0.965
      ],
      [
        0.745,
        0.866,
        0.95
      ]
    ],
    "10": [
      [
        0.961,
        0.978
      ],
      [
        0.979,
        0.989
      ],
      [
        0.984,
        0.984
      ],
      [
        0.95,
        0.969
      ],
      [
        0.94,
        0.94,
        0.951
      ]
    ],
    "20": [
      [
        0.973,
        0.973
      ],
      [
        0.999,
        0.999
      ],
      [
        0.985,
        0.985
      ],
      [
        0.973,
        0.989
      ],
      [
        1.0,
        1.0
      ]
    ],
    "30": [
      [
        0.999,
        0.999
      ],
      [
        1.0,
        1.0
      ],
      [
        1.0,
        1.0
      ],
      [
        1.0,
        1.0
      ],
      [
        0.999,
        0.999
      ]
    ],
    "50": [
      [
        1.0,
        1.0
      ],
      [
        1.0,
        1.0
      ],
      [
        1.0,
        1.0
      ],
      [
        1.0,
        1.0
      ],
      [
        1.0,
        1.0
      ]
    ]
  },
  "timestamp": "2025-05-14T17:40:41.273957"
}