{
  "function_class": "GeneralConjunction",
  "epsilon": 0.05,
  "tolerance": 0.01,
  "trials": 5,
  "n_values": [
    5,
    10,
    20,
    30,
    50
  ],
  "success_rates": [
    1.0,
    0.6,
    1.0,
    1.0,
    1.0
  ],
  "avg_generations": [
    3.4,
    2.2,
    1.0,
    1.0,
    1.0
  ],
  "avg_times": [
    0.02731776237487793,
    0.03600020408630371,
    0.03522171974182129,
    0.05955319404602051,
    0.08712358474731445
  ],
  "avg_beneficial_mutations": [
    3.4,
    1.4,
    0.0,
    0.0,
    0.0
  ],
  "avg_neutral_mutations": [
    0.0,
    0.8,
    1.0,
    1.0,
    1.0
  ],
  "fitness_histories": {
    "5": [
      [
        0.753,
        0.807,
        0.875,
        1.0
      ],
      [
        0.683,
        0.813,
        0.895,
        0.932,
        0.962
      ],
      [
        0.712,
        0.81,
        0.872,
        1.0
      ],
      [
        0.497,
        0.753,
        0.897,
        1.0
      ],
      [
        0.735,
        0.79,
        0.821,
        0.877,
        1.0
      ]
    ],
    "10": [
      [
        0.864,
        0.953
      ],
      [
        0.969,
        0.992
      ],
      [
        0.953,
        0.968
      ],
      [
        0.858,
        0.929,
        0.962
      ],
      [
        0.93,
        0.945,
        0.945,
        0.945,
        0.945,
        0.945,
        0.956
      ]
    ],
    "20": [
      [
        1.0,
        1.0
      ],
      [
        0.996,
        0.996
      ],
      [
        0.991,
        0.991
      ],
      [
        0.988,
        0.988
      ],
      [
        0.994,
        0.994
      ]
    ],
    "30": [
      [
        1.0,
        1.0
      ],
      [
        0.997,
        0.997
      ],
      [
        0.992,
        0.992
      ],
      [
        1.0,
        1.0
      ],
      [
        1.0,
        1.0
      ]
    ],
    "50": [
      [
        1.0,
        1.0
      ],
      [
        1.0,
        1.0
      ],
      [
        1.0,
        1.0
      ],
      [
        1.0,
        1.0
      ],
      [
        1.0,
        1.0
      ]
    ]
  },
  "timestamp": "2025-05-14T17:40:38.566005"
}