{
  "function_class": "MonotoneDisjunction",
  "epsilon": 0.05,
  "tolerance": 0.01,
  "trials": 5,
  "n_values": [
    5,
    10,
    20,
    30,
    50
  ],
  "success_rates": [
    1.0,
    0.6,
    1.0,
    1.0,
    1.0
  ],
  "avg_generations": [
    2.2,
    2.6,
    1.0,
    1.0,
    1.0
  ],
  "avg_times": [
    0.010451173782348633,
    0.01912546157836914,
    0.016892528533935545,
    0.024546051025390626,
    0.039951133728027347
  ],
  "avg_beneficial_mutations": [
    2.2,
    1.8,
    0.2,
    0.0,
    0.0
  ],
  "avg_neutral_mutations": [
    0.0,
    0.4,
    0.8,
    1.0,
    1.0
  ],
  "fitness_histories": {
    "5": [
      [
        0.734,
        0.815,
        0.887,
        1.0
      ],
      [
        0.817,
        0.898,
        1.0
      ],
      [
        0.871,
        0.895,
        0.942,
        1.0
      ],
      [
        0.814,
        0.939,
        1.0
      ],
      [
        0.937,
        0.966
      ]
    ],
    "10": [
      [
        0.952,
        0.97
      ],
      [
        0.872,
        0.885,
        0.885,
        0.898,
        0.908,
        0.94,
        1.0
      ],
      [
        0.958,
        0.958
      ],
      [
        0.912,
        0.963
      ],
      [
        0.916,
        0.947,
        0.947,
        0.947,
        0.957
      ]
    ],
    "20": [
      [
        0.988,
        0.998
      ],
      [
        0.998,
        0.998
      ],
      [
        1.0,
        1.0
      ],
      [
        1.0,
        1.0
      ],
      [
        0.999,
        0.999
      ]
    ],
    "30": [
      [
        1.0,
        1.0
      ],
      [
        1.0,
        1.0
      ],
      [
        1.0,
        1.0
      ],
      [
        1.0,
        1.0
      ],
      [
        1.0,
        1.0
      ]
    ],
    "50": [
      [
        1.0,
        1.0
      ],
      [
        1.0,
        1.0
      ],
      [
        1.0,
        1.0
      ],
      [
        1.0,
        1.0
      ],
      [
        1.0,
        1.0
      ]
    ]
  },
  "timestamp": "2025-05-14T17:40:36.274884"
}