{
  "function_class": "MonotoneConjunction",
  "epsilon": 0.05,
  "tolerance": 0.01,
  "trials": 5,
  "n_values": [
    5,
    10,
    20,
    30,
    50
  ],
  "success_rates": [
    1.0,
    0.8,
    1.0,
    1.0,
    1.0
  ],
  "avg_generations": [
    1.8,
    3.2,
    1.0,
    1.0,
    1.0
  ],
  "avg_times": [
    0.008031702041625977,
    0.022983503341674805,
    0.016295909881591797,
    0.023425483703613283,
    0.039252710342407224
  ],
  "avg_beneficial_mutations": [
    1.6,
    1.0,
    0.0,
    0.0,
    0.0
  ],
  "avg_neutral_mutations": [
    0.0,
    2.0,
    1.0,
    1.0,
    1.0
  ],
  "fitness_histories": {
    "5": [
      [
        0.754,
        0.869,
        1.0
      ],
      [
        1.0,
        1.0
      ],
      [
        0.723,
        0.863,
        0.936,
        1.0
      ],
      [
        0.623,
        0.763,
        1.0
      ],
      [
        0.952,
        1.0
      ]
    ],
    "10": [
      [
        0.939,
        0.968
      ],
      [
        0.943,
        0.969
      ],
      [
        0.941,
        0.953
      ],
      [
        0.927,
        0.948,
        0.948,
        0.948,
        0.948,
        0.948,
        0.948,
        0.948,
        0.948,
        0.948,
        0.948,
        0.948,
        0.958
      ],
      [
        0.967,
        0.967
      ]
    ],
    "20": [
      [
        0.998,
        0.998
      ],
      [
        0.999,
        0.999
      ],
      [
        1.0,
        1.0
      ],
      [
        0.996,
        0.996
      ],
      [
        0.996,
        0.996
      ]
    ],
    "30": [
      [
        0.999,
        0.999
      ],
      [
        1.0,
        1.0
      ],
      [
        1.0,
        1.0
      ],
      [
        1.0,
        1.0
      ],
      [
        1.0,
        1.0
      ]
    ],
    "50": [
      [
        1.0,
        1.0
      ],
      [
        1.0,
        1.0
      ],
      [
        1.0,
        1.0
      ],
      [
        1.0,
        1.0
      ],
      [
        1.0,
        1.0
      ]
    ]
  },
  "timestamp": "2025-05-14T17:40:34.413548"
}