{
  "function_class": "MonotoneConjunction",
  "epsilon": 0.05,
  "tolerance": 0.01,
  "trials": 5,
  "n_values": [
    10,
    20,
    50,
    100,
    200
  ],
  "success_rates": [
    0.6,
    1.0,
    1.0,
    1.0,
    1.0
  ],
  "avg_generations": [
    8.6,
    1.0,
    1.0,
    1.0,
    1.0
  ],
  "avg_times": [
    0.03859090805053711,
    0.011597299575805664,
    0.027012205123901366,
    0.05675287246704101,
    0.14419450759887695
  ],
  "avg_beneficial_mutations": [
    2.0,
    0.2,
    0.0,
    0.0,
    0.0
  ],
  "avg_neutral_mutations": [
    5.6,
    0.8,
    1.0,
    1.0,
    1.0
  ],
  "fitness_histories": {
    "10": [
      [
        0.939,
        0.969
      ],
      [
        0.928,
        0.945,
        0.945,
        0.956
      ],
      [
        0.959,
        0.981
      ],
      [
        0.738,
        0.895,
        0.946,
        0.973
      ],
      [
        0.891,
        0.928,
        0.947,
        0.947,
        0.947,
        0.947,
        0.947,
        0.947,
        0.947,
        0.947,
        0.947,
        0.947,
        0.947,
        0.947,
        0.947,
        0.947,
        0.947,
        0.947,
        0.947,
        0.947,
        0.947,
        0.947,
        0.947,
        0.947,
        0.947,
        0.947,
        0.947,
        0.947,
        0.947,
        0.947,
        0.947,
        0.947,
        0.947,
        0.947,
        0.947,
        0.957
      ]
    ],
    "20": [
      [
        0.962,
        0.982
      ],
      [
        0.999,
        0.999
      ],
      [
        0.992,
        0.992
      ],
      [
        0.999,
        0.999
      ],
      [
        0.987,
        0.987
      ]
    ],
    "50": [
      [
        1.0,
        1.0
      ],
      [
        1.0,
        1.0
      ],
      [
        1.0,
        1.0
      ],
      [
        1.0,
        1.0
      ],
      [
        1.0,
        1.0
      ]
    ],
    "100": [
      [
        1.0,
        1.0
      ],
      [
        1.0,
        1.0
      ],
      [
        1.0,
        1.0
      ],
      [
        1.0,
        1.0
      ],
      [
        1.0,
        1.0
      ]
    ],
    "200": [
      [
        1.0,
        1.0
      ],
      [
        1.0,
        1.0
      ],
      [
        1.0,
        1.0
      ],
      [
        1.0,
        1.0
      ],
      [
        1.0,
        1.0
      ]
    ]
  },
  "timestamp": "2025-05-13T12:29:16.965175"
}