{
  "function_class": "MonotoneDisjunction",
  "epsilon": 0.05,
  "tolerance": 0.01,
  "trials": 5,
  "n_values": [
    10,
    20,
    50,
    100,
    200
  ],
  "success_rates": [
    0.6,
    1.0,
    1.0,
    1.0,
    1.0
  ],
  "avg_generations": [
    5.4,
    1.0,
    1.0,
    1.0,
    1.0
  ],
  "avg_times": [
    0.025830173492431642,
    0.012548208236694336,
    0.027640771865844727,
    0.05747442245483399,
    0.14565324783325195
  ],
  "avg_beneficial_mutations": [
    2.4,
    0.2,
    0.0,
    0.0,
    0.0
  ],
  "avg_neutral_mutations": [
    2.2,
    0.8,
    1.0,
    1.0,
    1.0
  ],
  "fitness_histories": {
    "10": [
      [
        0.933,
        0.966
      ],
      [
        0.863,
        0.899,
        0.899,
        0.899,
        0.899,
        0.899,
        0.899,
        0.899,
        0.899,
        0.899,
        0.899,
        0.928,
        0.942,
        1.0
      ],
      [
        0.916,
        0.95
      ],
      [
        0.92,
        0.931,
        0.954
      ],
      [
        0.877,
        0.877,
        0.877,
        0.889,
        0.889,
        0.889,
        0.889,
        0.91,
        0.91,
        0.933,
        1.0
      ]
    ],
    "20": [
      [
        1.0,
        1.0
      ],
      [
        0.996,
        0.996
      ],
      [
        0.99,
        1.0
      ],
      [
        0.995,
        0.995
      ],
      [
        0.992,
        0.992
      ]
    ],
    "50": [
      [
        1.0,
        1.0
      ],
      [
        1.0,
        1.0
      ],
      [
        1.0,
        1.0
      ],
      [
        1.0,
        1.0
      ],
      [
        1.0,
        1.0
      ]
    ],
    "100": [
      [
        1.0,
        1.0
      ],
      [
        1.0,
        1.0
      ],
      [
        1.0,
        1.0
      ],
      [
        1.0,
        1.0
      ],
      [
        1.0,
        1.0
      ]
    ],
    "200": [
      [
        1.0,
        1.0
      ],
      [
        1.0,
        1.0
      ],
      [
        1.0,
        1.0
      ],
      [
        1.0,
        1.0
      ],
      [
        1.0,
        1.0
      ]
    ]
  },
  "timestamp": "2025-05-13T12:29:18.793582"
}